-0.786621 0.058290 -0.201075 -0.746585 0.274265 -0.180769 -0.679655 0.449219 -0.160613 -0.628702 0.639117 -0.150676 -0.579654 0.808649 -0.132874 -0.477751 0.999590 -0.101467 -0.340769 1.128054 -0.080698 -0.171451 1.291897 -0.060384 0.019932 1.336096 -0.047197 0.248210 1.289201 -0.066168 0.382708 1.124050 -0.082100 0.479792 1.010877 -0.112052 0.576261 0.850532 -0.138704 0.662049 0.660064 -0.169175 0.686429 0.487638 -0.175910 0.738859 0.298442 -0.196157 0.781916 0.090123 -0.215490 -0.597989 0.022174 -0.142943 -0.490847 0.002822 -0.138857 -0.390880 -0.020423 -0.131947 -0.284364 0.026861 -0.126692 -0.170655 0.063376 -0.129477 0.228656 0.062498 -0.123424 0.330868 0.022019 -0.130483 0.466675 -0.019407 -0.134289 0.563549 -0.010063 -0.144435 0.666860 0.021542 -0.146147 -0.013963 0.346443 -0.100590 0.023280 0.470569 -0.086707 0.060523 0.594696 -0.072824 0.066171 0.698250 -0.053927 -0.107012 0.735759 -0.076612 -0.030427 0.766253 -0.072440 0.052447 0.770707 -0.062937 0.108169 0.771858 -0.065645 0.149734 0.734443 -0.078953 -0.474958 0.227895 -0.126563 -0.387738 0.180986 -0.115347 -0.278996 0.176593 -0.124371 -0.176397 0.252532 -0.123251 -0.283298 0.298302 -0.119961 -0.389086 0.296889 -0.115959 0.253216 0.259475 -0.130697 0.332172 0.187070 -0.126193 0.442076 0.173243 -0.117970 0.511711 0.227611 -0.129090 0.441152 0.296781 -0.122918 0.333397 0.294424 -0.116315 -0.230273 0.956274 -0.082802 -0.140299 0.940015 -0.062950 -0.029829 0.916891 -0.054911 0.009611 0.904959 -0.052264 0.096628 0.904144 -0.058932 0.230692 0.938884 -0.060258 0.317396 0.950679 -0.081926 0.244550 1.031237 -0.062008 0.131213 1.088975 -0.052329 0.011817 1.109450 -0.053425 -0.056354 1.099894 -0.047719 -0.135298 1.028844 -0.056709 -0.179639 0.944471 -0.073761 -0.026663 0.974636 -0.053595 0.062854 0.962230 -0.049473 0.112080 0.973413 -0.062297 0.271069 0.951463 -0.085762 0.104822 0.988194 -0.056037 0.028214 1.002667 -0.051731 -0.030452 1.009505 -0.062512
-0.792242 0.061824 -0.196091 -0.752358 0.276965 -0.178469 -0.683818 0.450364 -0.159459 -0.631432 0.639999 -0.150640 -0.579783 0.806837 -0.134810 -0.476076 0.997851 -0.102243 -0.335715 1.127847 -0.083959 -0.164966 1.293951 -0.063181 0.026695 1.334678 -0.051327 0.254674 1.287167 -0.070232 0.387598 1.121843 -0.087203 0.482109 1.006807 -0.120348 0.579306 0.847300 -0.143732 0.664041 0.655097 -0.174196 0.685562 0.484819 -0.181211 0.738934 0.295362 -0.202312 0.781256 0.084807 -0.219166 -0.602752 0.026655 -0.135324 -0.495728 0.009258 -0.133450 -0.393327 -0.014743 -0.125065 -0.285910 0.031935 -0.122188 -0.171049 0.068700 -0.123768 0.230178 0.064374 -0.120950 0.329842 0.024301 -0.128041 0.466891 -0.019117 -0.133346 0.561452 -0.010612 -0.143535 0.664444 0.021009 -0.147107 -0.011248 0.347642 -0.095900 0.026651 0.473353 -0.084289 0.064549 0.599063 -0.072678 0.069525 0.704640 -0.053468 -0.103194 0.741368 -0.077554 -0.024945 0.770800 -0.072182 0.055811 0.774890 -0.062725 0.111202 0.776423 -0.065380 0.154036 0.736395 -0.082385 -0.473134 0.233727 -0.122895 -0.385299 0.187233 -0.110931 -0.277457 0.181068 -0.118774 -0.175405 0.256009 -0.117669 -0.281492 0.303570 -0.115342 -0.386957 0.302275 -0.112277 0.253552 0.261162 -0.129671 0.332095 0.188908 -0.126023 0.442016 0.174845 -0.118340 0.512869 0.228786 -0.132148 0.443673 0.299608 -0.124426 0.333555 0.296136 -0.115814 -0.223349 0.959557 -0.081512 -0.135531 0.944174 -0.062132 -0.024716 0.921993 -0.056234 0.012600 0.906807 -0.054302 0.101777 0.903021 -0.062372 0.232336 0.941312 -0.063934 0.320811 0.950093 -0.083163 0.248315 1.026375 -0.060917 0.132705 1.082319 -0.053991 0.014950 1.101189 -0.053901 -0.048486 1.092886 -0.046501 -0.125272 1.031202 -0.056152 -0.172983 0.945898 -0.072074 -0.020642 0.975971 -0.054563 0.064600 0.964930 -0.050369 0.114643 0.975127 -0.065394 0.274221 0.952093 -0.087377 0.106162 0.978937 -0.057479 0.035404 0.993558 -0.054006 -0.024612 1.003975 -0.062909
-0.797881 0.064563 -0.192948 -0.757272 0.278467 -0.176833 -0.687717 0.450558 -0.159106 -0.632963 0.638883 -0.150082 -0.579120 0.806610 -0.135098 -0.473492 0.999233 -0.104401 -0.332826 1.128500 -0.086804 -0.160608 1.291817 -0.066149 0.033019 1.331681 -0.055810 0.259869 1.282968 -0.074044 0.392049 1.117824 -0.091553 0.485274 1.001848 -0.125508 0.582717 0.841396 -0.147492 0.665190 0.649489 -0.177921 0.685348 0.480026 -0.184832 0.738097 0.289306 -0.205190 0.780406 0.078811 -0.219817 -0.603759 0.030632 -0.130435 -0.497716 0.012464 -0.127923 -0.394078 -0.009901 -0.120483 -0.286443 0.036124 -0.118096 -0.172226 0.073051 -0.118992 0.229993 0.067463 -0.118545 0.329636 0.026063 -0.125850 0.466611 -0.017649 -0.132798 0.560820 -0.009051 -0.143447 0.663250 0.020722 -0.147623 -0.009428 0.349697 -0.093657 0.028588 0.475929 -0.082657 0.066605 0.602162 -0.071657 0.071213 0.708637 -0.053276 -0.100627 0.743709 -0.077134 -0.021506 0.773614 -0.072241 0.059534 0.777355 -0.062936 0.114192 0.778120 -0.066386 0.157295 0.737934 -0.083577 -0.471164 0.238144 -0.119839 -0.383212 0.191941 -0.107472 -0.275915 0.184828 -0.115522 -0.174237 0.258965 -0.114173 -0.279652 0.306955 -0.111705 -0.385989 0.306524 -0.109609 0.254295 0.262441 -0.128687 0.332998 0.189322 -0.125319 0.443221 0.176523 -0.118590 0.514569 0.228361 -0.132986 0.444758 0.300586 -0.125278 0.334816 0.297830 -0.116107 -0.216851 0.958064 -0.080086 -0.128555 0.946303 -0.062240 -0.020248 0.922731 -0.056883 0.017132 0.905145 -0.055954 0.107285 0.903899 -0.062671 0.234600 0.939588 -0.066124 0.321690 0.948295 -0.084489 0.249940 1.020425 -0.061954 0.134719 1.072774 -0.055874 0.020367 1.092095 -0.054785 -0.042891 1.084832 -0.047519 -0.120389 1.027628 -0.056162 -0.169228 0.945519 -0.071471 -0.012151 0.975046 -0.057444 0.068534 0.964389 -0.052136 0.118753 0.975655 -0.069065 0.276814 0.949671 -0.088488 0.108344 0.968181 -0.057441 0.038336 0.983963 -0.054870 -0.020189 0.996337 -0.062935
-0.803686 0.066206 -0.190800 -0.761463 0.278914 -0.175881 -0.690985 0.450646 -0.159067 -0.634873 0.638386 -0.149489 -0.578552 0.808045 -0.136180 -0.471489 1.001128 -0.106438 -0.330829 1.129984 -0.089441 -0.156767 1.289662 -0.069091 0.038355 1.328641 -0.059304 0.263845 1.278495 -0.077418 0.395585 1.113271 -0.095109 0.488203 0.996742 -0.129506 0.585459 0.836374 -0.149736 0.667234 0.644394 -0.181659 0.686905 0.475768 -0.187403 0.738030 0.283875 -0.207274 0.779575 0.073206 -0.219729 -0.603763 0.032661 -0.126228 -0.498868 0.015611 -0.123105 -0.394666 -0.006277 -0.117152 -0.287317 0.039407 -0.114089 -0.173126 0.076805 -0.115013 0.229559 0.070718 -0.116366 0.329781 0.027317 -0.124112 0.467260 -0.016540 -0.132359 0.560975 -0.007577 -0.143813 0.662589 0.020556 -0.147339 -0.007665 0.350263 -0.090027 0.030321 0.477621 -0.080237 0.068308 0.604979 -0.070447 0.073122 0.711874 -0.052405 -0.098598 0.744296 -0.077338 -0.019594 0.775301 -0.072867 0.062892 0.779157 -0.062840 0.117849 0.778995 -0.067017 0.160349 0.737851 -0.084859 -0.469513 0.240911 -0.117116 -0.380877 0.195646 -0.104158 -0.273723 0.187594 -0.113564 -0.172225 0.261111 -0.111874 -0.277733 0.309275 -0.109478 -0.385431 0.309316 -0.107590 0.256161 0.263764 -0.128892 0.334739 0.189720 -0.124764 0.445832 0.177292 -0.118506 0.516445 0.226671 -0.133119 0.447203 0.300485 -0.125717 0.337343 0.299113 -0.115978 -0.214909 0.954118 -0.080805 -0.123351 0.942918 -0.063230 -0.015705 0.923591 -0.057678 0.021059 0.902806 -0.057108 0.111204 0.898142 -0.063366 0.240009 0.933423 -0.067357 0.326249 0.944585 -0.086515 0.254320 1.012655 -0.063952 0.136191 1.065402 -0.058173 0.024975 1.080941 -0.056409 -0.039202 1.074866 -0.049055 -0.117931 1.020005 -0.057236 -0.168864 0.940897 -0.072208 -0.007928 0.975664 -0.061404 0.067485 0.962976 -0.054126 0.121137 0.968752 -0.069847 0.282385 0.943369 -0.090421 0.114011 0.960393 -0.061190 0.047683 0.972458 -0.055228 -0.014706 0.986633 -0.063602
-0.805261 0.069053 -0.189253 -0.763491 0.279644 -0.174964 -0.691472 0.452480 -0.160217 -0.633123 0.639110 -0.148981 -0.577666 0.809816 -0.134295 -0.468638 1.006284 -0.107806 -0.329693 1.129226 -0.088308 -0.156476 1.283726 -0.068734 0.041640 1.321660 -0.060736 0.269101 1.272673 -0.078671 0.401065 1.111477 -0.099721 0.491661 0.993928 -0.131338 0.589360 0.831054 -0.154079 0.667843 0.642543 -0.181882 0.687373 0.471479 -0.190616 0.739588 0.280488 -0.208158 0.781191 0.069439 -0.221075 -0.603169 0.038195 -0.125764 -0.496776 0.014635 -0.120945 -0.392242 -0.001078 -0.115888 -0.285166 0.042447 -0.112067 -0.174768 0.077470 -0.112357 0.230240 0.070720 -0.117021 0.331879 0.030148 -0.124129 0.466230 -0.013945 -0.132956 0.563123 -0.007678 -0.144165 0.665355 0.020973 -0.151012 -0.007983 0.353582 -0.092594 0.031023 0.479010 -0.080231 0.070029 0.604438 -0.067867 0.073333 0.711175 -0.053785 -0.097175 0.743995 -0.076001 -0.016473 0.776263 -0.072065 0.066981 0.777421 -0.065334 0.119170 0.776478 -0.069850 0.162242 0.738304 -0.083193 -0.468781 0.245117 -0.114708 -0.382325 0.196478 -0.104195 -0.275586 0.190852 -0.111990 -0.173660 0.262919 -0.111600 -0.277934 0.310668 -0.107694 -0.386012 0.312546 -0.106235 0.256077 0.261439 -0.125880 0.335971 0.187894 -0.123287 0.445483 0.179684 -0.120682 0.519370 0.228860 -0.133591 0.446425 0.300671 -0.124720 0.338525 0.300136 -0.117110 -0.211758 0.947055 -0.079730 -0.120547 0.940736 -0.065988 -0.011734 0.916511 -0.060248 0.031006 0.898977 -0.060170 0.120201 0.889803 -0.065167 0.243256 0.926542 -0.071736 0.328918 0.938543 -0.090072 0.250541 1.005767 -0.067777 0.144302 1.061351 -0.059888 0.032755 1.071105 -0.057185 -0.036036 1.059612 -0.052139 -0.118782 1.016678 -0.060039 -0.170058 0.938826 -0.075781 -0.008500 0.969129 -0.064285 0.061916 0.959903 -0.058638 0.124921 0.959593 -0.069314 0.288879 0.936503 -0.092344 0.122378 0.956174 -0.066307 0.055574 0.962193 -0.058900 -0.011054 0.972079 -0.064534
-0.804144 0.072838 -0.187968 -0.764050 0.282042 -0.173775 -0.690583 0.455793 -0.161123 -0.629516 0.641311 -0.148233 -0.576615 0.811761 -0.130088 -0.465481 1.011938 -0.107595 -0.328214 1.126961 -0.084429 -0.156757 1.276603 -0.065708 0.044089 1.313535 -0.059362 0.274436 1.266720 -0.077218 0.407480 1.111085 -0.102757 0.495148 0.993225 -0.130834 0.593392 0.826840 -0.158531 0.667818 0.642921 -0.179839 0.686806 0.468572 -0.193327 0.741645 0.279465 -0.208239 0.783882 0.068195 -0.223160 -0.602510 0.045040 -0.127016 -0.493604 0.011690 -0.120467 -0.388712 0.003401 -0.115452 -0.282090 0.044515 -0.111844 -0.176160 0.076371 -0.110819 0.231701 0.068460 -0.118808 0.334492 0.032756 -0.125000 0.464251 -0.011687 -0.134114 0.565755 -0.008959 -0.144312 0.669196 0.021154 -0.155953 -0.009003 0.357715 -0.098358 0.031476 0.479771 -0.081846 0.071955 0.601827 -0.065335 0.073314 0.708283 -0.056271 -0.095696 0.743434 -0.074134 -0.012384 0.776201 -0.070564 0.070754 0.773879 -0.068720 0.119445 0.772850 -0.073118 0.163978 0.739013 -0.080374 -0.468721 0.249667 -0.112957 -0.385294 0.196014 -0.106073 -0.278868 0.193611 -0.110378 -0.176692 0.264227 -0.112269 -0.279116 0.311694 -0.105862 -0.386508 0.315527 -0.105149 0.254685 0.257643 -0.121578 0.336590 0.185481 -0.121831 0.443587 0.182167 -0.123483 0.522173 0.232468 -0.134093 0.443871 0.300895 -0.123304 0.338431 0.300112 -0.118637 -0.207617 0.939293 -0.077439 -0.119407 0.939218 -0.068645 -0.008745 0.905099 -0.063143 0.042005 0.893746 -0.063439 0.131063 0.881211 -0.066718 0.244674 0.920154 -0.076925 0.330700 0.930892 -0.092836 0.244199 0.999482 -0.070610 0.154236 1.057315 -0.059971 0.040913 1.062319 -0.056237 -0.032359 1.044158 -0.054233 -0.119642 1.015573 -0.062014 -0.170625 0.937353 -0.079262 -0.009696 0.957640 -0.065167 0.057406 0.954484 -0.063048 0.129472 0.951195 -0.068304 0.294921 0.930126 -0.093101 0.130307 0.952199 -0.069291 0.059610 0.953508 -0.062934 -0.008895 0.956475 -0.064987
-0.803121 0.076109 -0.187378 -0.764086 0.284578 -0.173016 -0.689811 0.459023 -0.161611 -0.626684 0.643356 -0.147595 -0.575300 0.813425 -0.126592 -0.462583 1.016195 -0.107014 -0.326228 1.125581 -0.081139 -0.156172 1.271733 -0.062699 0.046852 1.307991 -0.057835 0.279263 1.262775 -0.075699 0.413043 1.110969 -0.104504 0.498727 0.992992 -0.130309 0.597164 0.823872 -0.161756 0.668223 0.643223 -0.178421 0.686805 0.466577 -0.195410 0.743353 0.278571 -0.208411 0.786231 0.067516 -0.224949 -0.601982 0.049902 -0.128348 -0.491341 0.009070 -0.120321 -0.386225 0.005862 -0.115416 -0.279700 0.045356 -0.112075 -0.176796 0.075028 -0.110169 0.232889 0.066084 -0.120303 0.336526 0.033542 -0.125811 0.463016 -0.011100 -0.135082 0.567737 -0.010568 -0.144594 0.672351 0.020447 -0.159465 -0.009095 0.359969 -0.103104 0.032418 0.479459 -0.083349 0.073930 0.598950 -0.063594 0.073889 0.705125 -0.057844 -0.093967 0.742539 -0.072531 -0.008838 0.775346 -0.069293 0.074023 0.770592 -0.070843 0.120048 0.769589 -0.075263 0.165778 0.739101 -0.077984 -0.468644 0.252496 -0.111778 -0.387155 0.195307 -0.107336 -0.280909 0.195081 -0.109189 -0.178738 0.264678 -0.112597 -0.279846 0.311896 -0.104472 -0.386646 0.317318 -0.104404 0.253848 0.254409 -0.118434 0.337352 0.183244 -0.120812 0.442539 0.183347 -0.125276 0.524445 0.234382 -0.134416 0.441945 0.300482 -0.122335 0.338507 0.299493 -0.119802 -0.203684 0.933528 -0.075502 -0.117740 0.939005 -0.070239 -0.006349 0.894474 -0.064799 0.050209 0.887435 -0.065580 0.139436 0.875810 -0.067323 0.246044 0.914623 -0.080219 0.332016 0.924861 -0.094477 0.240568 0.994936 -0.072324 0.162216 1.053895 -0.059613 0.047641 1.059609 -0.055233 -0.029032 1.034491 -0.055501 -0.119168 1.015777 -0.062877 -0.170397 0.936477 -0.081445 -0.007868 0.947583 -0.064683 0.057295 0.949319 -0.065179 0.135051 0.947839 -0.068551 0.299656 0.925426 -0.093151 0.134930 0.947390 -0.069167 0.060496 0.948905 -0.065898 -0.007946 0.947163 -0.065580
-0.804870 0.076873 -0.187861 -0.764825 0.285890 -0.173651 -0.690482 0.460530 -0.161902 -0.627331 0.645022 -0.148011 -0.574476 0.815218 -0.127593 -0.461258 1.016934 -0.107262 -0.323726 1.127145 -0.081792 -0.152853 1.273312 -0.063082 0.050339 1.308981 -0.058019 0.282351 1.262951 -0.076463 0.416168 1.110143 -0.105300 0.501747 0.991944 -0.131979 0.599600 0.823265 -0.162744 0.670989 0.641745 -0.180597 0.689282 0.465779 -0.196835 0.745009 0.277334 -0.210299 0.787227 0.066025 -0.226517 -0.602496 0.049122 -0.127596 -0.492188 0.009612 -0.119668 -0.386876 0.004791 -0.114805 -0.280246 0.044598 -0.111468 -0.176092 0.074748 -0.109732 0.233671 0.065021 -0.120012 0.337159 0.031408 -0.125721 0.464443 -0.013586 -0.135233 0.568568 -0.012488 -0.145113 0.673283 0.018283 -0.159313 -0.007054 0.357516 -0.101507 0.034514 0.477769 -0.082334 0.076081 0.598022 -0.063162 0.076402 0.704286 -0.056610 -0.091835 0.741640 -0.072895 -0.007117 0.774045 -0.069329 0.076017 0.769660 -0.070063 0.122858 0.768741 -0.074578 0.168519 0.737276 -0.078486 -0.468327 0.252028 -0.111305 -0.385812 0.195465 -0.106287 -0.279224 0.194381 -0.108646 -0.177375 0.263904 -0.112016 -0.278959 0.311351 -0.104159 -0.385911 0.316788 -0.104042 0.255506 0.253596 -0.119211 0.339039 0.182330 -0.121117 0.444770 0.181495 -0.124922 0.525893 0.231843 -0.134781 0.444186 0.298872 -0.122674 0.340381 0.298100 -0.119523 -0.203965 0.932640 -0.077126 -0.116567 0.933903 -0.070346 -0.003884 0.895966 -0.064454 0.051794 0.890479 -0.065115 0.141517 0.881589 -0.067489 0.251159 0.915056 -0.080004 0.337539 0.922186 -0.095439 0.246651 0.990923 -0.073058 0.164403 1.047145 -0.060437 0.049912 1.051556 -0.056124 -0.026886 1.036267 -0.055926 -0.116677 1.008630 -0.063411 -0.170184 0.933855 -0.082156 -0.005627 0.946803 -0.067076 0.067117 0.947798 -0.066437 0.138130 0.945460 -0.070077 0.305027 0.922331 -0.094195 0.138467 0.946213 -0.068113 0.057496 0.948361 -0.064153 -0.005366 0.947510 -0.064239
-0.805557 0.076928 -0.189347 -0.765065 0.286375 -0.175172 -0.690596 0.461170 -0.163333 -0.627035 0.645808 -0.149407 -0.573568 0.816395 -0.129075 -0.459715 1.018034 -0.108721 -0.321735 1.128621 -0.083148 -0.150534 1.275220 -0.064462 0.053368 1.311099 -0.059495 0.285589 1.264212 -0.078164 0.419522 1.110281 -0.107154 0.505044 0.991204 -0.133931 0.602516 0.822007 -0.164728 0.673630 0.640189 -0.182519 0.691620 0.464186 -0.198739 0.747225 0.275560 -0.212332 0.789017 0.064051 -0.228699 -0.602966 0.048118 -0.128204 -0.492652 0.008439 -0.119942 -0.387093 0.003340 -0.114849 -0.280128 0.043137 -0.111516 -0.175698 0.073131 -0.109695 0.234775 0.062835 -0.120249 0.338304 0.028900 -0.125888 0.465698 -0.016217 -0.135564 0.570142 -0.015068 -0.145648 0.675118 0.015625 -0.160123 -0.005511 0.355178 -0.101312 0.036191 0.475657 -0.081826 0.077893 0.596136 -0.062340 0.078148 0.702457 -0.055715 -0.089941 0.740522 -0.072718 -0.005278 0.772452 -0.068920 0.078042 0.767876 -0.069660 0.125078 0.766841 -0.074293 0.170936 0.735479 -0.078322 -0.468033 0.251343 -0.111532 -0.385333 0.194547 -0.106435 -0.278538 0.193225 -0.108546 -0.176633 0.262512 -0.112103 -0.278424 0.309909 -0.104123 -0.385418 0.315762 -0.104267 0.256925 0.251562 -0.119555 0.340745 0.180162 -0.121448 0.446525 0.179447 -0.125240 0.527763 0.229503 -0.135472 0.445946 0.296848 -0.123079 0.342142 0.296355 -0.119750 -0.203081 0.933453 -0.078473 -0.115530 0.930319 -0.070375 -0.001773 0.898716 -0.063738 0.054455 0.896648 -0.064364 0.144383 0.892366 -0.067002 0.255378 0.918767 -0.080179 0.341460 0.921422 -0.096837 0.250515 0.990590 -0.074774 0.167846 1.042827 -0.061948 0.052553 1.044717 -0.057750 -0.025240 1.041861 -0.057585 -0.115318 1.003808 -0.064930 -0.169249 0.934509 -0.083415 -0.003963 0.946314 -0.069834 0.078728 0.947435 -0.068626 0.141015 0.944621 -0.072028 0.309292 0.921953 -0.095638 0.142117 0.949697 -0.066934 0.051039 0.952410 -0.062660 -0.003363 0.951063 -0.062362
-0.805489 0.076775 -0.191089 -0.764726 0.286527 -0.176805 -0.690124 0.461377 -0.164755 -0.626128 0.646112 -0.150745 -0.572239 0.817071 -0.130451 -0.457934 1.018506 -0.109937 -0.319749 1.129385 -0.084268 -0.148304 1.276298 -0.065590 0.056201 1.312436 -0.060639 0.288532 1.264724 -0.079327 0.422653 1.109836 -0.108285 0.508282 0.990074 -0.135135 0.605368 0.820456 -0.166018 0.676278 0.638328 -0.183777 0.693969 0.462413 -0.200047 0.749614 0.273729 -0.213801 0.790945 0.062077 -0.230401 -0.603094 0.046723 -0.129250 -0.492875 0.006641 -0.120719 -0.387171 0.001348 -0.115370 -0.279832 0.041215 -0.111946 -0.175309 0.070919 -0.110031 0.235862 0.060240 -0.120644 0.339422 0.026036 -0.126244 0.466899 -0.019061 -0.135959 0.571758 -0.017878 -0.146245 0.676897 0.012924 -0.160792 -0.004182 0.352302 -0.101296 0.037658 0.472960 -0.081508 0.079499 0.593619 -0.061720 0.079567 0.700008 -0.054933 -0.088152 0.738880 -0.072430 -0.003523 0.770222 -0.068436 0.079927 0.765426 -0.069195 0.127031 0.764263 -0.073914 0.173076 0.733130 -0.077983 -0.467490 0.250160 -0.112179 -0.384789 0.193226 -0.107031 -0.277982 0.191695 -0.108737 -0.175768 0.260627 -0.112380 -0.277703 0.307966 -0.104276 -0.384720 0.314275 -0.104774 0.258370 0.249224 -0.119908 0.342395 0.177742 -0.121847 0.448165 0.177091 -0.125691 0.529585 0.226943 -0.136080 0.447627 0.294419 -0.123506 0.343832 0.294282 -0.120054 -0.201938 0.933423 -0.079464 -0.114221 0.926284 -0.070086 0.000052 0.898581 -0.062723 0.056949 0.898547 -0.063303 0.146948 0.897843 -0.066127 0.258981 0.919449 -0.079922 0.344795 0.920049 -0.097675 0.253677 0.991715 -0.076131 0.170874 1.041523 -0.063185 0.054828 1.041191 -0.059187 -0.023747 1.047287 -0.059025 -0.114041 1.001460 -0.066276 -0.167919 0.934699 -0.084188 -0.002286 0.943937 -0.071181 0.087468 0.944550 -0.069710 0.143499 0.941689 -0.072856 0.312979 0.921050 -0.096678 0.145328 0.953826 -0.066309 0.047139 0.957083 -0.061932 -0.001546 0.955210 -0.061382
-0.804793 0.076588 -0.193032 -0.763873 0.286554 -0.178495 -0.689130 0.461445 -0.166109 -0.624741 0.646207 -0.151912 -0.570527 0.817398 -0.131540 -0.455976 1.018454 -0.110645 -0.317768 1.129298 -0.084742 -0.146165 1.276156 -0.065902 0.058828 1.312344 -0.060798 0.291193 1.264004 -0.079402 0.425617 1.108633 -0.108361 0.511432 0.988597 -0.135317 0.608219 0.818835 -0.166394 0.678985 0.636543 -0.184249 0.696433 0.460763 -0.200675 0.752197 0.272069 -0.214628 0.793113 0.060393 -0.231560 -0.602917 0.045135 -0.130682 -0.492871 0.004463 -0.121906 -0.387081 -0.000931 -0.116329 -0.279429 0.039048 -0.112738 -0.174921 0.068377 -0.110718 0.236874 0.057455 -0.121226 0.340461 0.023068 -0.126789 0.468002 -0.021946 -0.136454 0.573301 -0.020722 -0.146888 0.678598 0.010257 -0.161407 -0.003035 0.349053 -0.101387 0.038952 0.469815 -0.081304 0.080938 0.590577 -0.061222 0.080740 0.697011 -0.054249 -0.086532 0.736649 -0.072126 -0.001934 0.767445 -0.067955 0.081675 0.762412 -0.068736 0.128807 0.761146 -0.073485 0.175042 0.730281 -0.077537 -0.466772 0.248586 -0.113126 -0.384206 0.191517 -0.107966 -0.277491 0.189861 -0.109250 -0.174846 0.258379 -0.112904 -0.276820 0.305700 -0.104653 -0.383870 0.312417 -0.105518 0.259779 0.246690 -0.120281 0.343937 0.175167 -0.122316 0.449697 0.174490 -0.126253 0.531324 0.224285 -0.136561 0.449160 0.291713 -0.123919 0.345416 0.291899 -0.120434 -0.201199 0.931728 -0.080193 -0.113167 0.923401 -0.069732 0.001576 0.893954 -0.061709 0.059216 0.892836 -0.062230 0.149367 0.891538 -0.065152 0.262341 0.913814 -0.079418 0.348171 0.917211 -0.098031 0.256482 0.992996 -0.076944 0.173549 1.045199 -0.063884 0.056805 1.044914 -0.060072 -0.022394 1.048812 -0.059932 -0.113067 1.003706 -0.067262 -0.167046 0.933489 -0.084683 -0.000746 0.940024 -0.069855 0.087978 0.939731 -0.068639 0.146056 0.937063 -0.071707 0.316800 0.918686 -0.097276 0.148045 0.955967 -0.067102 0.051017 0.959821 -0.062950 -0.000212 0.957497 -0.062602
-0.803720 0.076210 -0.195315 -0.762710 0.286412 -0.180446 -0.687819 0.461342 -0.167627 -0.623132 0.646146 -0.153177 -0.568646 0.817437 -0.132632 -0.454014 1.018053 -0.111181 -0.315895 1.128664 -0.084878 -0.144203 1.275255 -0.065701 0.061225 1.311313 -0.060294 0.293661 1.262483 -0.078747 0.428469 1.106956 -0.107772 0.514536 0.986929 -0.134851 0.611171 0.817263 -0.166187 0.681853 0.634980 -0.184253 0.699162 0.459253 -0.200888 0.755011 0.270512 -0.215107 0.795639 0.058963 -0.232429 -0.602618 0.043313 -0.132518 -0.492795 0.002033 -0.123449 -0.386914 -0.003399 -0.117640 -0.279044 0.036702 -0.113840 -0.174561 0.065666 -0.111663 0.237843 0.054574 -0.121967 0.341433 0.020087 -0.127449 0.469045 -0.024871 -0.137062 0.574784 -0.023574 -0.147577 0.680342 0.007488 -0.162173 -0.002032 0.345582 -0.101482 0.040095 0.466400 -0.081081 0.082222 0.587219 -0.060681 0.081746 0.693636 -0.053570 -0.085116 0.733922 -0.071896 -0.000573 0.764310 -0.067536 0.083277 0.759050 -0.068306 0.130513 0.757671 -0.073048 0.176944 0.727070 -0.077084 -0.466017 0.246683 -0.114348 -0.383671 0.189429 -0.109169 -0.277003 0.187735 -0.110143 -0.173947 0.255868 -0.113756 -0.275864 0.303208 -0.105343 -0.382979 0.310260 -0.106547 0.261148 0.244009 -0.120753 0.345392 0.172421 -0.122894 0.451184 0.171675 -0.126915 0.533014 0.221528 -0.137028 0.450597 0.288854 -0.124385 0.346941 0.289259 -0.120921 -0.201252 0.928815 -0.080992 -0.112861 0.918936 -0.069532 0.002839 0.888975 -0.060829 0.061239 0.887507 -0.061265 0.151755 0.886337 -0.064222 0.265827 0.908247 -0.078882 0.351865 0.913241 -0.098292 0.259301 0.992140 -0.077544 0.176117 1.045577 -0.064343 0.058532 1.044938 -0.060687 -0.021334 1.048813 -0.060597 -0.112712 1.003259 -0.068165 -0.167118 0.931183 -0.085341 0.000175 0.935251 -0.069151 0.089844 0.934214 -0.068019 0.148611 0.931444 -0.070949 0.321046 0.915211 -0.097747 0.150727 0.956291 -0.067371 0.052940 0.960702 -0.063319 0.000747 0.958158 -0.063086
-0.802453 0.075666 -0.197898 -0.761393 0.286152 -0.182616 -0.686338 0.461126 -0.169273 -0.621452 0.646019 -0.154523 -0.566724 0.817274 -0.133718 -0.452105 1.017403 -0.111581 -0.314125 1.127688 -0.084764 -0.142398 1.273838 -0.065111 0.063396 1.309634 -0.059286 0.295983 1.260427 -0.077545 0.431227 1.104984 -0.106671 0.517581 0.985162 -0.133921 0.614183 0.815790 -0.165530 0.684868 0.633633 -0.183933 0.702114 0.457898 -0.200774 0.757960 0.269083 -0.215354 0.798431 0.057747 -0.233090 -0.602243 0.041275 -0.134663 -0.492687 -0.000552 -0.125293 -0.386704 -0.006066 -0.119243 -0.278732 0.034159 -0.115213 -0.174236 0.062822 -0.112800 0.238787 0.051609 -0.122820 0.342290 0.017073 -0.128201 0.470021 -0.027846 -0.137785 0.576188 -0.026425 -0.148286 0.682126 0.004656 -0.163048 -0.001160 0.341995 -0.101549 0.041088 0.462834 -0.080840 0.083337 0.583672 -0.060131 0.082636 0.690008 -0.052909 -0.083888 0.730828 -0.071772 0.000580 0.760943 -0.067197 0.084715 0.755485 -0.067860 0.132134 0.753999 -0.072591 0.178736 0.723599 -0.076632 -0.465261 0.244537 -0.115782 -0.383142 0.187093 -0.110566 -0.276462 0.185387 -0.111357 -0.173104 0.253176 -0.114857 -0.274904 0.300584 -0.106310 -0.382108 0.307922 -0.107816 0.262464 0.241248 -0.121335 0.346761 0.169605 -0.123554 0.452639 0.168746 -0.127616 0.534621 0.218691 -0.137521 0.451955 0.285923 -0.124882 0.348397 0.286441 -0.121481 -0.201921 0.925071 -0.081819 -0.113159 0.913779 -0.069450 0.003897 0.883359 -0.060064 0.062981 0.881530 -0.060371 0.153993 0.880401 -0.063321 0.269331 0.902014 -0.078272 0.355683 0.908509 -0.098430 0.262115 0.990104 -0.077920 0.178509 1.044593 -0.064605 0.060020 1.043823 -0.061084 -0.020545 1.047550 -0.061057 -0.112850 1.001783 -0.068940 -0.167888 0.928012 -0.086127 0.000711 0.929789 -0.068510 0.091438 0.928112 -0.067328 0.151133 0.925136 -0.070149 0.325433 0.910933 -0.098045 0.153237 0.955330 -0.067515 0.054547 0.960375 -0.063497 0.001335 0.957658 -0.063394
-0.801136 0.075055 -0.200817 -0.760047 0.285821 -0.185029 -0.684807 0.460898 -0.171093 -0.619798 0.645911 -0.156030 -0.564878 0.817077 -0.134878 -0.450321 1.016767 -0.112019 -0.312483 1.126722 -0.084627 -0.140761 1.272414 -0.064417 0.065342 1.307930 -0.058119 0.298193 1.258402 -0.076169 0.433938 1.103135 -0.105407 0.520586 0.983540 -0.132799 0.617224 0.814507 -0.164696 0.687970 0.632457 -0.183473 0.705199 0.456689 -0.200510 0.761011 0.267773 -0.215530 0.801423 0.056624 -0.233710 -0.601890 0.039047 -0.137078 -0.492590 -0.003301 -0.127374 -0.386500 -0.008978 -0.121083 -0.278533 0.031355 -0.116775 -0.173972 0.059775 -0.114092 0.239688 0.048469 -0.123754 0.343075 0.013955 -0.129053 0.470970 -0.030922 -0.138609 0.577576 -0.029326 -0.149008 0.683932 0.001840 -0.163935 -0.000385 0.338435 -0.101688 0.041941 0.459234 -0.080657 0.084266 0.580034 -0.059625 0.083399 0.686292 -0.052247 -0.082877 0.727639 -0.071774 0.001561 0.757523 -0.066938 0.085990 0.751839 -0.067420 0.133584 0.750285 -0.072141 0.180353 0.720053 -0.076190 -0.464592 0.242210 -0.117422 -0.382651 0.184580 -0.112145 -0.275878 0.182849 -0.112804 -0.172380 0.250360 -0.116102 -0.274048 0.297870 -0.107490 -0.381327 0.305458 -0.109289 0.263683 0.238425 -0.122014 0.348051 0.166752 -0.124280 0.454051 0.165762 -0.128332 0.536168 0.215792 -0.138025 0.453219 0.282918 -0.125350 0.349764 0.283487 -0.122096 -0.203067 0.921166 -0.082765 -0.113943 0.908540 -0.069498 0.004671 0.877702 -0.059400 0.064439 0.875610 -0.059573 0.156027 0.874422 -0.062448 0.272835 0.895726 -0.077644 0.359582 0.903643 -0.098570 0.264891 0.987920 -0.078247 0.180681 1.043384 -0.064860 0.061303 1.042598 -0.061450 -0.020087 1.046189 -0.061520 -0.113410 1.000171 -0.069781 -0.169159 0.924615 -0.087128 0.000963 0.924258 -0.067980 0.092783 0.922040 -0.066611 0.153542 0.918846 -0.069349 0.329838 0.906428 -0.098338 0.155582 0.954236 -0.067677 0.055873 0.959947 -0.063653 0.001629 0.957036 -0.063723
-0.800010 0.074422 -0.204168 -0.758868 0.285499 -0.187829 -0.683472 0.460777 -0.173260 -0.618405 0.646004 -0.157827 -0.563296 0.817103 -0.136178 -0.448774 1.016472 -0.112500 -0.311015 1.126169 -0.084412 -0.139276 1.271505 -0.063473 0.067102 1.306810 -0.056621 0.300344 1.257083 -0.074554 0.436574 1.101915 -0.104001 0.523568 0.982499 -0.131627 0.620365 0.813768 -0.163893 0.691235 0.631712 -0.183171 0.708454 0.455827 -0.200399 0.764211 0.266699 -0.215942 0.804634 0.055582 -0.234645 -0.601733 0.036484 -0.139695 -0.492612 -0.006234 -0.129627 -0.386389 -0.012217 -0.123083 -0.278427 0.028173 -0.118483 -0.173714 0.056411 -0.115538 0.240615 0.045091 -0.124745 0.343915 0.010602 -0.129988 0.472039 -0.034200 -0.139514 0.579078 -0.032336 -0.149744 0.685886 -0.000999 -0.164824 0.000398 0.334979 -0.101961 0.042727 0.455681 -0.080557 0.085056 0.576383 -0.059153 0.084045 0.682640 -0.051483 -0.082032 0.724655 -0.071751 0.002409 0.754318 -0.066605 0.087105 0.748432 -0.066851 0.134880 0.746826 -0.071575 0.181805 0.716719 -0.075679 -0.464075 0.239678 -0.119235 -0.382262 0.181795 -0.113854 -0.275298 0.180028 -0.114395 -0.171763 0.247437 -0.117451 -0.273379 0.295017 -0.108851 -0.380721 0.302807 -0.110899 0.264878 0.235463 -0.122814 0.349354 0.163727 -0.125059 0.455536 0.162633 -0.129006 0.537773 0.212776 -0.138569 0.454541 0.279812 -0.125793 0.351141 0.280367 -0.122742 -0.204202 0.918192 -0.083391 -0.114858 0.904448 -0.069257 0.005281 0.873168 -0.058527 0.065608 0.870922 -0.058568 0.157706 0.869611 -0.061342 0.276038 0.890705 -0.076757 0.363244 0.899836 -0.098371 0.267497 0.986474 -0.078081 0.182504 1.042699 -0.064659 0.062419 1.042062 -0.061321 -0.019811 1.045550 -0.061552 -0.114031 0.999229 -0.070212 -0.170292 0.922009 -0.087824 0.001174 0.919905 -0.067242 0.093918 0.917298 -0.065583 0.155610 0.913983 -0.068335 0.333716 0.902853 -0.098286 0.157556 0.953656 -0.067470 0.056966 0.959997 -0.063412 0.001866 0.956868 -0.063697
-0.798432 0.074348 -0.207759 -0.757676 0.285421 -0.190947 -0.682106 0.460987 -0.176122 -0.616532 0.646289 -0.159961 -0.561790 0.817425 -0.137082 -0.447102 1.017411 -0.113321 -0.309849 1.125758 -0.083859 -0.138538 1.270493 -0.062323 0.068458 1.305665 -0.055303 0.302724 1.256095 -0.073033 0.439394 1.101703 -0.103242 0.526490 0.982112 -0.130370 0.623738 0.812957 -0.163815 0.694099 0.631610 -0.182525 0.711184 0.454772 -0.200820 0.767326 0.265795 -0.216500 0.808064 0.054490 -0.235965 -0.601832 0.034937 -0.143135 -0.492650 -0.009704 -0.132332 -0.386180 -0.014703 -0.125427 -0.278201 0.025280 -0.120614 -0.174104 0.052818 -0.117075 0.241339 0.041337 -0.126180 0.344815 0.007679 -0.131215 0.472533 -0.037011 -0.140646 0.580647 -0.035396 -0.150451 0.688107 -0.003580 -0.166379 0.000544 0.332727 -0.103754 0.042952 0.452663 -0.081171 0.085360 0.572599 -0.058588 0.083875 0.678878 -0.051366 -0.081514 0.722120 -0.071446 0.003414 0.751646 -0.066100 0.088124 0.744971 -0.066833 0.135384 0.743350 -0.071595 0.182679 0.714225 -0.074775 -0.463825 0.237768 -0.121215 -0.382575 0.178731 -0.116272 -0.275636 0.177578 -0.116126 -0.172021 0.244788 -0.119215 -0.273457 0.292307 -0.110255 -0.380720 0.300558 -0.112707 0.265525 0.232035 -0.122956 0.350341 0.160264 -0.125724 0.456208 0.159995 -0.130179 0.539333 0.210590 -0.139231 0.454911 0.277010 -0.126169 0.352032 0.277571 -0.123739 -0.204066 0.916234 -0.083199 -0.115622 0.901927 -0.069105 0.005587 0.869715 -0.057919 0.067780 0.869070 -0.057903 0.160037 0.867377 -0.060251 0.278025 0.887998 -0.076621 0.365371 0.897435 -0.098287 0.267874 0.986277 -0.078091 0.185171 1.043066 -0.064243 0.064120 1.041043 -0.060884 -0.019651 1.045156 -0.061892 -0.115087 0.999334 -0.070741 -0.170984 0.921688 -0.088583 0.000720 0.916473 -0.066895 0.094657 0.914407 -0.065473 0.156878 0.910505 -0.067198 0.336580 0.901201 -0.098124 0.159928 0.955388 -0.067256 0.056626 0.961144 -0.063244 0.002069 0.956419 -0.062922
-0.800607 0.073283 -0.210857 -0.757712 0.285755 -0.193512 -0.682166 0.461139 -0.176924 -0.618223 0.647561 -0.161491 -0.561139 0.818331 -0.140421 -0.447074 1.014838 -0.113050 -0.308135 1.127700 -0.085199 -0.135136 1.273498 -0.062023 0.070436 1.308528 -0.052843 0.302796 1.257745 -0.071121 0.439438 1.100093 -0.099679 0.528048 0.981529 -0.130068 0.624855 0.814935 -0.161026 0.697586 0.630257 -0.184533 0.714878 0.456253 -0.199903 0.769226 0.265270 -0.217444 0.808587 0.053948 -0.236594 -0.602585 0.029199 -0.142942 -0.494321 -0.009146 -0.133348 -0.388324 -0.019774 -0.126687 -0.280228 0.021570 -0.121418 -0.172805 0.051089 -0.119243 0.241126 0.040102 -0.126097 0.343861 0.003248 -0.131456 0.474258 -0.041584 -0.141080 0.580069 -0.037686 -0.151459 0.687222 -0.006626 -0.164496 0.002240 0.327350 -0.100204 0.044030 0.449499 -0.080201 0.085820 0.571648 -0.060198 0.085553 0.678275 -0.049423 -0.081086 0.720805 -0.072891 0.001887 0.749731 -0.066946 0.087454 0.745432 -0.064825 0.137441 0.743412 -0.069446 0.183875 0.710964 -0.076472 -0.463894 0.234151 -0.123025 -0.381359 0.177973 -0.115774 -0.273264 0.174233 -0.117614 -0.169786 0.242655 -0.119476 -0.272147 0.290224 -0.112199 -0.379676 0.297626 -0.113977 0.266914 0.231778 -0.126875 0.351036 0.159378 -0.127311 0.459060 0.155793 -0.128841 0.539498 0.205255 -0.139673 0.458584 0.273783 -0.127136 0.353437 0.274214 -0.123304 -0.207196 0.918197 -0.084486 -0.115245 0.902241 -0.067020 0.006526 0.871076 -0.055535 0.062960 0.863595 -0.055243 0.155826 0.863306 -0.058723 0.280426 0.885672 -0.072225 0.369362 0.897704 -0.095650 0.274978 0.985135 -0.074697 0.180197 1.041917 -0.062550 0.061243 1.046549 -0.059423 -0.019555 1.048366 -0.058363 -0.112417 0.999166 -0.068100 -0.169948 0.917905 -0.086110 0.003712 0.919344 -0.064008 0.095309 0.913980 -0.060393 0.157997 0.912267 -0.066601 0.337113 0.899198 -0.096345 0.156356 0.948768 -0.065195 0.061321 0.959171 -0.060828 0.002673 0.959871 -0.063870
-0.804732 0.071713 -0.213279 -0.758352 0.286302 -0.195473 -0.683008 0.461235 -0.176481 -0.621819 0.649264 -0.162575 -0.561050 0.819479 -0.144972 -0.448070 1.010307 -0.112140 -0.306155 1.130759 -0.087431 -0.130353 1.278470 -0.062021 0.072595 1.313260 -0.049720 0.301389 1.260531 -0.068896 0.437794 1.097663 -0.094627 0.528671 0.980890 -0.130334 0.624523 0.818489 -0.156839 0.701114 0.628383 -0.187864 0.718775 0.459064 -0.198344 0.770222 0.264971 -0.218629 0.807420 0.053709 -0.236748 -0.603726 0.021573 -0.140576 -0.497002 -0.006237 -0.133222 -0.391730 -0.025885 -0.127072 -0.283521 0.017784 -0.121308 -0.170697 0.050702 -0.121532 0.240417 0.040403 -0.125120 0.341856 -0.001770 -0.131048 0.476571 -0.046894 -0.140981 0.578250 -0.039416 -0.152562 0.684515 -0.009821 -0.160703 0.004644 0.320843 -0.093719 0.045495 0.446683 -0.078364 0.086346 0.572523 -0.063009 0.088256 0.679713 -0.046643 -0.080734 0.720426 -0.075298 -0.001022 0.748454 -0.068641 0.085780 0.748190 -0.061891 0.140203 0.745665 -0.066257 0.185128 0.707655 -0.079737 -0.464152 0.229726 -0.124531 -0.379275 0.178631 -0.113527 -0.269412 0.170592 -0.118776 -0.166228 0.241003 -0.118798 -0.270063 0.288767 -0.114286 -0.378104 0.294513 -0.114834 0.268668 0.233561 -0.132674 0.351462 0.160144 -0.129281 0.462907 0.150998 -0.126089 0.538806 0.198499 -0.139888 0.463859 0.270608 -0.128359 0.355068 0.270887 -0.122111 -0.211951 0.921936 -0.086460 -0.114264 0.904323 -0.064024 0.007693 0.875477 -0.052467 0.054313 0.856785 -0.051829 0.147889 0.858656 -0.057163 0.282511 0.883998 -0.065816 0.374088 0.899205 -0.091614 0.285397 0.982710 -0.069308 0.171124 1.038934 -0.059996 0.055765 1.054167 -0.057202 -0.019411 1.052207 -0.052519 -0.107616 0.998102 -0.063588 -0.168013 0.912083 -0.081775 0.008462 0.925900 -0.059842 0.095925 0.915224 -0.052892 0.158932 0.917260 -0.066426 0.336161 0.897193 -0.093676 0.149452 0.936749 -0.061928 0.068478 0.954321 -0.057057 0.003449 0.964277 -0.065516
-0.804242 0.071952 -0.215309 -0.757709 0.286646 -0.197193 -0.682216 0.461791 -0.177986 -0.621032 0.649929 -0.163761 -0.560207 0.820081 -0.145585 -0.447243 1.010743 -0.112136 -0.305236 1.130918 -0.086788 -0.129529 1.278093 -0.060632 0.073382 1.312685 -0.047934 0.302358 1.260067 -0.067186 0.438885 1.097521 -0.093408 0.530053 0.981001 -0.129477 0.626141 0.818697 -0.156407 0.702613 0.628502 -0.187805 0.720168 0.458959 -0.198618 0.771674 0.264626 -0.219144 0.808805 0.053105 -0.237551 -0.603961 0.020314 -0.142054 -0.497312 -0.007753 -0.134613 -0.391991 -0.027541 -0.128438 -0.283735 0.015961 -0.122537 -0.170847 0.048725 -0.122753 0.240456 0.038362 -0.125998 0.341955 -0.003736 -0.131811 0.476799 -0.048720 -0.141661 0.578681 -0.041204 -0.153062 0.685206 -0.011421 -0.161099 0.004539 0.319774 -0.094597 0.045421 0.445335 -0.079073 0.086303 0.570897 -0.063549 0.088143 0.678277 -0.046933 -0.080602 0.719670 -0.075474 -0.000857 0.747544 -0.068786 0.085935 0.747238 -0.062054 0.140343 0.744645 -0.066374 0.185335 0.706713 -0.079832 -0.464152 0.228468 -0.125682 -0.379421 0.177184 -0.114657 -0.269502 0.169061 -0.119789 -0.166232 0.239681 -0.119751 -0.270121 0.287467 -0.115181 -0.378161 0.293214 -0.115770 0.268912 0.231990 -0.133307 0.351755 0.158394 -0.129843 0.463327 0.149248 -0.126572 0.539408 0.196888 -0.140269 0.464303 0.268876 -0.128700 0.355480 0.269149 -0.122624 -0.211389 0.921723 -0.085637 -0.113615 0.905012 -0.063463 0.007908 0.876152 -0.052039 0.054506 0.857626 -0.051416 0.147959 0.859458 -0.056632 0.282342 0.884676 -0.065189 0.374399 0.898903 -0.090490 0.285455 0.980749 -0.067795 0.171052 1.036322 -0.058441 0.055844 1.051551 -0.055600 -0.019022 1.049860 -0.051055 -0.107092 0.996644 -0.062407 -0.167201 0.912028 -0.080869 0.008919 0.926807 -0.059364 0.096118 0.916250 -0.052437 0.159001 0.918244 -0.065929 0.336305 0.896950 -0.092642 0.149338 0.934246 -0.060661 0.068640 0.951264 -0.055861 0.003927 0.961854 -0.064344
-0.798993 0.074354 -0.216586 -0.755580 0.286966 -0.198346 -0.679572 0.462943 -0.181091 -0.615416 0.649565 -0.164736 -0.558088 0.820103 -0.142101 -0.444071 1.016145 -0.113124 -0.304886 1.128124 -0.083571 -0.132173 1.272451 -0.058542 0.073332 1.306876 -0.048392 0.306119 1.256155 -0.066720 0.443190 1.099260 -0.096461 0.532398 0.981221 -0.127618 0.629714 0.814754 -0.159648 0.702058 0.629821 -0.184019 0.719050 0.455238 -0.200365 0.773443 0.263717 -0.218598 0.812535 0.051821 -0.238606 -0.603270 0.025960 -0.147477 -0.495295 -0.013466 -0.137577 -0.389197 -0.024503 -0.130824 -0.281133 0.016340 -0.125103 -0.173499 0.045401 -0.122839 0.240984 0.033912 -0.128696 0.343884 -0.002700 -0.133756 0.474575 -0.047289 -0.143131 0.580958 -0.043307 -0.152987 0.688873 -0.011539 -0.165616 0.001946 0.323827 -0.102817 0.043825 0.445233 -0.082306 0.085704 0.566640 -0.061796 0.085297 0.673790 -0.050318 -0.080560 0.718329 -0.073480 0.002542 0.746706 -0.067431 0.088059 0.742132 -0.065310 0.137902 0.740010 -0.069781 0.184511 0.707800 -0.076678 -0.463891 0.230643 -0.126478 -0.381747 0.173931 -0.119164 -0.273473 0.169965 -0.120600 -0.169905 0.238797 -0.122221 -0.272359 0.286521 -0.114880 -0.379820 0.293964 -0.116850 0.267425 0.227082 -0.128572 0.351696 0.154234 -0.128915 0.460040 0.150546 -0.130191 0.541048 0.200333 -0.140655 0.459603 0.268573 -0.128039 0.354419 0.268996 -0.124727 -0.205156 0.917569 -0.082536 -0.113141 0.903349 -0.065609 0.007376 0.872133 -0.054385 0.063768 0.865251 -0.054099 0.156477 0.864639 -0.057237 0.280416 0.886688 -0.070475 0.370633 0.896371 -0.092626 0.275580 0.980365 -0.070987 0.180520 1.035698 -0.058855 0.061969 1.040255 -0.055613 -0.018169 1.042922 -0.054971 -0.110531 0.995779 -0.065441 -0.167476 0.917650 -0.084006 0.005313 0.920906 -0.062778 0.096191 0.915766 -0.059168 0.158579 0.913888 -0.065149 0.338003 0.898050 -0.093558 0.156604 0.942998 -0.062085 0.062112 0.952059 -0.057991 0.004298 0.954200 -0.061144
-0.795719 0.076147 -0.216835 -0.754056 0.287301 -0.198488 -0.677667 0.463873 -0.182372 -0.611626 0.649492 -0.164846 -0.556201 0.820235 -0.139706 -0.441558 1.019670 -0.113695 -0.303986 1.126713 -0.082005 -0.133074 1.269505 -0.058164 0.074060 1.303923 -0.049840 0.308962 1.254128 -0.067560 0.446290 1.100253 -0.099203 0.533886 0.980987 -0.127183 0.631771 0.811723 -0.162029 0.701540 0.629821 -0.181970 0.718266 0.452352 -0.201469 0.774219 0.262641 -0.218327 0.814355 0.050710 -0.239314 -0.602459 0.029809 -0.150522 -0.493605 -0.016675 -0.139213 -0.387177 -0.022508 -0.132283 -0.279411 0.016665 -0.126623 -0.174845 0.043572 -0.122917 0.241288 0.031131 -0.130416 0.345061 -0.002159 -0.135147 0.473177 -0.046599 -0.144282 0.582106 -0.044782 -0.153166 0.690815 -0.011595 -0.168410 0.000593 0.326105 -0.107903 0.043146 0.445189 -0.084515 0.085698 0.564274 -0.061127 0.084030 0.671288 -0.052732 -0.080172 0.717667 -0.072560 0.005005 0.746366 -0.066933 0.089777 0.739132 -0.067567 0.136762 0.737361 -0.072123 0.184257 0.708483 -0.075021 -0.463420 0.232231 -0.126851 -0.382703 0.172322 -0.121740 -0.275468 0.170848 -0.121005 -0.171915 0.238505 -0.123609 -0.273477 0.286343 -0.114662 -0.380529 0.294703 -0.117412 0.266502 0.224222 -0.125758 0.351698 0.151915 -0.128468 0.458143 0.151353 -0.132460 0.542023 0.202373 -0.140981 0.456818 0.268416 -0.127733 0.353784 0.268835 -0.125979 -0.200434 0.915927 -0.081143 -0.111929 0.902377 -0.067287 0.007552 0.869886 -0.056161 0.069699 0.870304 -0.056040 0.162320 0.867938 -0.058070 0.279870 0.888034 -0.074009 0.368632 0.895407 -0.094398 0.270359 0.981680 -0.073828 0.186775 1.037198 -0.060141 0.066390 1.035645 -0.056622 -0.017048 1.040866 -0.058338 -0.111791 0.996817 -0.068109 -0.166935 0.921656 -0.086530 0.003975 0.917377 -0.065358 0.096715 0.915517 -0.063588 0.158806 0.911179 -0.065032 0.339344 0.898854 -0.094576 0.161635 0.950297 -0.063820 0.058884 0.954673 -0.060135 0.005123 0.951500 -0.060166
-0.796295 0.076217 -0.216275 -0.753863 0.287455 -0.197948 -0.677534 0.464091 -0.181548 -0.611800 0.649992 -0.164471 -0.555474 0.820787 -0.140239 -0.440990 1.019809 -0.113984 -0.302636 1.128351 -0.083391 -0.131203 1.272257 -0.060089 0.075675 1.306942 -0.051896 0.309806 1.256391 -0.069688 0.446872 1.100674 -0.100670 0.534141 0.980947 -0.129237 0.631662 0.811743 -0.162975 0.701836 0.628671 -0.183620 0.718690 0.451829 -0.202176 0.773907 0.261748 -0.219548 0.813673 0.050001 -0.240298 -0.602025 0.029357 -0.149596 -0.493315 -0.015792 -0.138674 -0.387015 -0.023079 -0.131981 -0.279445 0.016390 -0.126339 -0.173826 0.043951 -0.123088 0.241722 0.031054 -0.130404 0.345215 -0.003107 -0.135386 0.473913 -0.047700 -0.144683 0.581929 -0.045363 -0.153789 0.690400 -0.012140 -0.168257 0.001547 0.325486 -0.107096 0.044146 0.445359 -0.084573 0.086745 0.565232 -0.062049 0.085628 0.672392 -0.052875 -0.079261 0.718390 -0.073367 0.005448 0.746985 -0.067783 0.090475 0.740236 -0.067645 0.138067 0.738510 -0.072208 0.185159 0.708639 -0.076202 -0.462740 0.231981 -0.126711 -0.381351 0.172933 -0.120945 -0.273964 0.170817 -0.120890 -0.170761 0.238837 -0.123326 -0.272561 0.286962 -0.114877 -0.379668 0.294773 -0.117327 0.267147 0.224934 -0.126809 0.352223 0.152358 -0.129044 0.459239 0.150720 -0.132262 0.542265 0.201459 -0.141434 0.458135 0.268233 -0.128282 0.354484 0.268526 -0.125946 -0.199429 0.919375 -0.082388 -0.110485 0.904174 -0.067542 0.008669 0.872121 -0.056385 0.069204 0.871285 -0.056193 0.162372 0.868684 -0.058715 0.281441 0.889425 -0.074057 0.370163 0.898053 -0.095099 0.273641 0.986085 -0.074815 0.186862 1.042432 -0.061672 0.066938 1.042962 -0.058092 -0.015975 1.047276 -0.059267 -0.109737 1.001455 -0.068945 -0.165346 0.923214 -0.087032 0.006155 0.919761 -0.065469 0.097863 0.917076 -0.063044 0.159962 0.913328 -0.065699 0.339843 0.900705 -0.095502 0.161910 0.954143 -0.064967 0.061104 0.959978 -0.061081 0.006282 0.957361 -0.062011
-0.796662 0.076193 -0.215221 -0.753973 0.287341 -0.197052 -0.677717 0.463971 -0.180776 -0.612017 0.650226 -0.164051 -0.555232 0.821364 -0.140420 -0.440686 1.021062 -0.115020 -0.301949 1.130654 -0.085283 -0.130279 1.276184 -0.063099 0.076862 1.311543 -0.055628 0.310924 1.260329 -0.073464 0.447401 1.102690 -0.104137 0.534096 0.981744 -0.132543 0.631444 0.811806 -0.165761 0.701412 0.628148 -0.186003 0.718264 0.451114 -0.204177 0.773116 0.260993 -0.221726 0.812898 0.049290 -0.242333 -0.601448 0.029890 -0.148610 -0.492594 -0.015043 -0.137754 -0.386236 -0.022569 -0.131181 -0.278642 0.016913 -0.125774 -0.172714 0.044650 -0.122701 0.242790 0.031310 -0.130534 0.346100 -0.003133 -0.135663 0.474766 -0.047750 -0.145213 0.582470 -0.045368 -0.154431 0.690759 -0.012088 -0.169154 0.002409 0.326462 -0.107206 0.045250 0.446643 -0.084799 0.088091 0.566824 -0.062392 0.087201 0.674029 -0.053333 -0.078178 0.719833 -0.073788 0.006463 0.748552 -0.068412 0.091684 0.741823 -0.068203 0.139389 0.740001 -0.072916 0.186234 0.709945 -0.077207 -0.461809 0.232635 -0.126091 -0.380127 0.173633 -0.120212 -0.272929 0.171503 -0.120459 -0.169849 0.239829 -0.123145 -0.271780 0.288049 -0.114694 -0.378888 0.295593 -0.116934 0.267921 0.225733 -0.127317 0.353107 0.152804 -0.129572 0.460181 0.151030 -0.132722 0.542885 0.201844 -0.142392 0.459200 0.268905 -0.129073 0.355344 0.269177 -0.126326 -0.197858 0.924693 -0.083765 -0.109509 0.907430 -0.068320 0.009744 0.874904 -0.056992 0.070280 0.874063 -0.056842 0.163736 0.871250 -0.059708 0.283354 0.892450 -0.075555 0.371286 0.902881 -0.097440 0.276010 0.994911 -0.077530 0.188747 1.053080 -0.064343 0.068382 1.054491 -0.060649 -0.015186 1.058025 -0.061754 -0.108818 1.010290 -0.070996 -0.163889 0.927886 -0.088540 0.007682 0.922752 -0.066088 0.099007 0.919834 -0.063518 0.161147 0.916399 -0.066653 0.340483 0.905360 -0.097931 0.163445 0.964029 -0.067421 0.062357 0.970875 -0.063158 0.007274 0.966906 -0.064137
-0.797151 0.076429 -0.213090 -0.754207 0.287352 -0.195175 -0.677952 0.463751 -0.179118 -0.612158 0.650280 -0.162895 -0.554897 0.821753 -0.140160 -0.440260 1.022160 -0.116063 -0.301219 1.133120 -0.087554 -0.129286 1.280594 -0.066946 0.078072 1.316788 -0.060501 0.311988 1.264604 -0.078310 0.447615 1.104656 -0.108325 0.533660 0.982107 -0.136277 0.630560 0.811310 -0.168770 0.700263 0.627052 -0.188451 0.717012 0.449947 -0.206117 0.771391 0.259968 -0.223693 0.811110 0.048397 -0.243994 -0.600923 0.031129 -0.146994 -0.491999 -0.013528 -0.136318 -0.385603 -0.021334 -0.129868 -0.277931 0.018205 -0.124745 -0.171812 0.046069 -0.121880 0.243593 0.032186 -0.130451 0.346665 -0.002655 -0.135733 0.475186 -0.047368 -0.145594 0.582548 -0.045040 -0.155008 0.690481 -0.011765 -0.169989 0.003157 0.327904 -0.107193 0.046265 0.448434 -0.084945 0.089373 0.568963 -0.062698 0.088728 0.676138 -0.053858 -0.077038 0.721638 -0.074121 0.007548 0.750413 -0.069051 0.092873 0.743710 -0.068818 0.140615 0.741676 -0.073715 0.187174 0.711469 -0.078261 -0.460872 0.234027 -0.124995 -0.379003 0.175160 -0.119115 -0.272086 0.172963 -0.119627 -0.169046 0.241420 -0.122602 -0.271067 0.289668 -0.114134 -0.378095 0.297130 -0.116177 0.268456 0.227013 -0.127633 0.353660 0.153786 -0.129949 0.460637 0.151880 -0.133134 0.542972 0.202627 -0.143296 0.459851 0.270043 -0.129852 0.355850 0.270458 -0.126612 -0.195997 0.930862 -0.085379 -0.108380 0.910912 -0.069164 0.010950 0.877546 -0.057591 0.071539 0.876298 -0.057560 0.165050 0.873547 -0.060828 0.285190 0.895365 -0.077310 0.371943 0.908360 -0.100348 0.278228 1.005749 -0.081133 0.190741 1.066395 -0.067902 0.069786 1.068605 -0.064172 -0.014446 1.071292 -0.065087 -0.107830 1.020974 -0.073688 -0.162070 0.933403 -0.090212 0.009261 0.925682 -0.066691 0.100142 0.922254 -0.064076 0.162266 0.919408 -0.067787 0.340685 0.910811 -0.100930 0.165087 0.976117 -0.070602 0.063668 0.984323 -0.065992 0.008332 0.978795 -0.066895
-0.796884 0.077502 -0.210298 -0.754082 0.287513 -0.192795 -0.677608 0.463780 -0.177321 -0.611135 0.650043 -0.161248 -0.553903 0.822019 -0.138922 -0.439093 1.023948 -0.117145 -0.300463 1.134806 -0.089296 -0.128793 1.283209 -0.070525 0.079072 1.320037 -0.065733 0.313299 1.267184 -0.083261 0.447889 1.105999 -0.112796 0.533133 0.981514 -0.139305 0.629520 0.809364 -0.171518 0.698361 0.625366 -0.189589 0.714915 0.447657 -0.207439 0.769022 0.258393 -0.224528 0.808774 0.047033 -0.244609 -0.600366 0.033999 -0.145980 -0.491401 -0.011799 -0.135162 -0.385027 -0.018666 -0.128940 -0.277339 0.020500 -0.123928 -0.171999 0.047861 -0.120874 0.243644 0.033205 -0.130681 0.346684 -0.001369 -0.135954 0.474308 -0.046287 -0.146058 0.581954 -0.044450 -0.155410 0.689803 -0.011044 -0.171050 0.003066 0.330396 -0.108235 0.046480 0.450626 -0.085631 0.089895 0.570857 -0.063027 0.089147 0.677797 -0.055132 -0.076319 0.723199 -0.074218 0.008702 0.752045 -0.069664 0.093895 0.744936 -0.069977 0.140812 0.742643 -0.075107 0.187269 0.713166 -0.078832 -0.460015 0.236505 -0.123918 -0.378426 0.177059 -0.118564 -0.272131 0.175406 -0.118816 -0.169178 0.243540 -0.122216 -0.270950 0.291616 -0.113420 -0.377846 0.299414 -0.115457 0.268137 0.227929 -0.127016 0.353381 0.154692 -0.129982 0.459699 0.153616 -0.133928 0.542373 0.204170 -0.143898 0.458973 0.271655 -0.130363 0.355507 0.272394 -0.126992 -0.193321 0.935993 -0.086606 -0.107049 0.913707 -0.070461 0.011802 0.878935 -0.058744 0.073841 0.878610 -0.058996 0.166906 0.876039 -0.062310 0.286184 0.897479 -0.079873 0.371305 0.912728 -0.103710 0.278208 1.015208 -0.085498 0.193258 1.078249 -0.071897 0.071780 1.079466 -0.068117 -0.013950 1.082119 -0.069361 -0.107334 1.029903 -0.077030 -0.160521 0.939034 -0.092356 0.010185 0.927054 -0.068096 0.100710 0.923783 -0.065787 0.162952 0.920929 -0.068982 0.340481 0.915586 -0.103953 0.167363 0.987947 -0.074201 0.063702 0.996370 -0.069489 0.009196 0.988233 -0.069553
-0.799523 0.077999 -0.206219 -0.754528 0.290188 -0.188749 -0.678304 0.464723 -0.172320 -0.613443 0.652181 -0.158524 -0.554003 0.822234 -0.139706 -0.439610 1.019129 -0.114948 -0.298287 1.136837 -0.091776 -0.124415 1.288406 -0.073439 0.080939 1.325337 -0.066683 0.311822 1.270028 -0.085092 0.446407 1.104379 -0.111740 0.531647 0.980814 -0.141416 0.626633 0.811270 -0.170149 0.697692 0.623945 -0.192472 0.713903 0.450042 -0.206921 0.766067 0.259368 -0.225002 0.804158 0.047972 -0.243601 -0.601032 0.033044 -0.140079 -0.492774 -0.006094 -0.132106 -0.386636 -0.019062 -0.125640 -0.279015 0.021965 -0.121710 -0.170035 0.051955 -0.120673 0.242517 0.037096 -0.128757 0.344211 -0.001037 -0.134676 0.474983 -0.046281 -0.145053 0.578949 -0.043489 -0.155600 0.684923 -0.010885 -0.168158 0.004303 0.328747 -0.103595 0.047605 0.452019 -0.084478 0.090907 0.575291 -0.065360 0.092465 0.682757 -0.054307 -0.074916 0.726419 -0.076297 0.007816 0.754452 -0.071356 0.092896 0.749585 -0.069143 0.143423 0.747119 -0.073986 0.188712 0.713255 -0.082197 -0.460247 0.237366 -0.122193 -0.377599 0.182139 -0.114961 -0.270092 0.177013 -0.117275 -0.166918 0.245465 -0.119828 -0.269770 0.294602 -0.112899 -0.376081 0.301683 -0.114018 0.268580 0.232970 -0.130338 0.352709 0.159421 -0.130708 0.460587 0.153531 -0.131621 0.539783 0.203323 -0.144141 0.461115 0.272298 -0.131248 0.354783 0.273199 -0.126029 -0.195602 0.939751 -0.089067 -0.105879 0.916032 -0.069663 0.014267 0.883197 -0.057995 0.068721 0.874273 -0.057909 0.162510 0.872447 -0.062903 0.286539 0.898626 -0.077669 0.373982 0.914757 -0.102352 0.285264 1.017069 -0.084174 0.188296 1.079862 -0.072775 0.067721 1.089228 -0.069554 -0.012066 1.089458 -0.067776 -0.102480 1.033450 -0.075726 -0.157041 0.936874 -0.090047 0.013331 0.932108 -0.065872 0.102826 0.924707 -0.062692 0.163588 0.925493 -0.070989 0.339004 0.915936 -0.104156 0.162830 0.983286 -0.074435 0.069842 0.997390 -0.069554 0.010742 0.995651 -0.072623
-0.800131 0.080180 -0.202325 -0.754269 0.292795 -0.185016 -0.677811 0.466459 -0.168534 -0.613146 0.653938 -0.155606 -0.552928 0.823045 -0.138035 -0.438531 1.017818 -0.112616 -0.296315 1.137339 -0.091317 -0.121711 1.288874 -0.073287 0.082625 1.325228 -0.065910 0.312023 1.269072 -0.084836 0.446250 1.102513 -0.110450 0.531211 0.979436 -0.141083 0.625368 0.810949 -0.168538 0.696674 0.622819 -0.192207 0.712397 0.450449 -0.205711 0.763673 0.259432 -0.223801 0.800732 0.047998 -0.241690 -0.601272 0.035223 -0.136584 -0.493411 -0.001720 -0.130002 -0.387477 -0.016775 -0.123636 -0.279889 0.024653 -0.120243 -0.170024 0.055251 -0.120014 0.241012 0.039908 -0.127806 0.342184 0.000497 -0.133944 0.473903 -0.044958 -0.144339 0.576435 -0.042266 -0.155289 0.681658 -0.010141 -0.166550 0.004110 0.329823 -0.101831 0.047574 0.453958 -0.084212 0.091037 0.578092 -0.066593 0.093605 0.685641 -0.054578 -0.074219 0.728512 -0.076879 0.007748 0.756157 -0.072052 0.092586 0.752158 -0.069123 0.144219 0.749503 -0.073882 0.189050 0.714078 -0.083426 -0.460327 0.239811 -0.120586 -0.377643 0.186021 -0.112925 -0.269898 0.179591 -0.115909 -0.166566 0.247776 -0.118212 -0.269638 0.297373 -0.111888 -0.375638 0.304439 -0.112550 0.267996 0.235815 -0.130963 0.351485 0.162219 -0.130526 0.459650 0.154745 -0.130593 0.537662 0.204065 -0.143729 0.460829 0.273454 -0.131272 0.353589 0.274693 -0.125391 -0.195785 0.940263 -0.089196 -0.104361 0.917329 -0.069451 0.015765 0.885267 -0.058182 0.067508 0.873138 -0.058125 0.161107 0.871828 -0.063641 0.286267 0.898953 -0.077224 0.374996 0.913937 -0.101485 0.287189 1.013678 -0.083088 0.186369 1.075399 -0.072439 0.066663 1.087440 -0.069396 -0.010619 1.087394 -0.066544 -0.099755 1.031122 -0.074457 -0.155024 0.935328 -0.088467 0.014888 0.934276 -0.065360 0.104036 0.925545 -0.062252 0.163953 0.927365 -0.072143 0.338578 0.914653 -0.103718 0.161265 0.977038 -0.074014 0.072414 0.992591 -0.069253 0.012001 0.993786 -0.073127
-0.798836 0.083727 -0.199106 -0.753414 0.294938 -0.182073 -0.676251 0.468652 -0.166461 -0.610425 0.655018 -0.153074 -0.550919 0.824281 -0.134642 -0.436074 1.020282 -0.111040 -0.294720 1.136923 -0.088865 -0.120892 1.286052 -0.071319 0.083901 1.321608 -0.065039 0.313693 1.265950 -0.083946 0.447123 1.101466 -0.110244 0.531404 0.978074 -0.139376 0.625308 0.808663 -0.167710 0.694991 0.622031 -0.189608 0.710228 0.448728 -0.204472 0.761702 0.258534 -0.221589 0.798491 0.047194 -0.239519 -0.601152 0.040332 -0.135908 -0.493322 0.000953 -0.129102 -0.387545 -0.012050 -0.123165 -0.280011 0.028275 -0.119713 -0.171943 0.057605 -0.119042 0.239246 0.041422 -0.128007 0.340845 0.003148 -0.133962 0.471276 -0.042519 -0.144188 0.574639 -0.040896 -0.154803 0.680060 -0.008762 -0.166643 0.002610 0.333673 -0.103316 0.046423 0.456567 -0.085082 0.090236 0.579461 -0.066848 0.092423 0.686778 -0.056143 -0.074326 0.729972 -0.076041 0.008440 0.757673 -0.071868 0.092879 0.752972 -0.070069 0.142943 0.750126 -0.074944 0.188017 0.716098 -0.082669 -0.460330 0.243679 -0.119411 -0.378567 0.188569 -0.112714 -0.271466 0.183033 -0.114992 -0.168132 0.250542 -0.117631 -0.270579 0.299948 -0.110682 -0.376545 0.307610 -0.111438 0.266316 0.236520 -0.129046 0.349670 0.163090 -0.129654 0.456952 0.157262 -0.131057 0.536175 0.206434 -0.142934 0.458101 0.275262 -0.130636 0.351921 0.276927 -0.125301 -0.192398 0.939924 -0.086974 -0.101787 0.919159 -0.069718 0.016317 0.886274 -0.059160 0.070101 0.876629 -0.059502 0.162566 0.875394 -0.064408 0.284637 0.900451 -0.078533 0.372807 0.912999 -0.101355 0.283473 1.009413 -0.082907 0.187608 1.069923 -0.071663 0.068692 1.078991 -0.068435 -0.009509 1.080545 -0.066377 -0.098846 1.026950 -0.073832 -0.153339 0.936908 -0.087788 0.015165 0.934996 -0.066577 0.104226 0.927656 -0.064367 0.163547 0.928244 -0.072395 0.337666 0.914511 -0.102897 0.162640 0.973827 -0.073487 0.071267 0.986792 -0.069073 0.013180 0.986977 -0.071597
-0.795754 0.088292 -0.196955 -0.752126 0.296310 -0.180408 -0.673944 0.471010 -0.166621 -0.605651 0.655222 -0.151509 -0.548383 0.825831 -0.130259 -0.432816 1.026632 -0.111127 -0.294179 1.136004 -0.085417 -0.122717 1.280871 -0.068665 0.084001 1.315695 -0.065314 0.316175 1.261851 -0.083552 0.448449 1.102133 -0.112093 0.531684 0.977410 -0.137136 0.625979 0.804927 -0.168354 0.692319 0.622036 -0.185239 0.707243 0.445273 -0.203633 0.760000 0.257146 -0.218776 0.797499 0.046085 -0.237400 -0.600731 0.048286 -0.138372 -0.492544 0.001898 -0.129637 -0.386870 -0.004852 -0.124402 -0.279444 0.032976 -0.120267 -0.175794 0.059299 -0.117848 0.237273 0.042073 -0.129465 0.340183 0.007321 -0.134801 0.467066 -0.038572 -0.144707 0.573572 -0.038892 -0.154188 0.680175 -0.006217 -0.168536 -0.000232 0.340601 -0.108309 0.043994 0.460235 -0.087316 0.088221 0.579868 -0.066323 0.088580 0.686682 -0.059228 -0.075575 0.731229 -0.074143 0.009540 0.759439 -0.071201 0.093403 0.752534 -0.072317 0.139201 0.749493 -0.077495 0.185225 0.719852 -0.080254 -0.460343 0.249009 -0.118937 -0.380377 0.189913 -0.114597 -0.274789 0.187511 -0.114757 -0.171691 0.254020 -0.118367 -0.272709 0.302518 -0.109587 -0.378896 0.311340 -0.111023 0.263454 0.235517 -0.124731 0.347235 0.162532 -0.128224 0.452440 0.161544 -0.133071 0.535236 0.210906 -0.141895 0.452808 0.278252 -0.129484 0.349690 0.280393 -0.125878 -0.185763 0.939929 -0.083104 -0.098743 0.922193 -0.070918 0.015412 0.886923 -0.061276 0.075955 0.885408 -0.062378 0.166370 0.883880 -0.065594 0.281153 0.904025 -0.082031 0.366764 0.913407 -0.102615 0.273762 1.006778 -0.084498 0.191663 1.066446 -0.071314 0.073305 1.066938 -0.067579 -0.009262 1.071764 -0.068178 -0.100255 1.023128 -0.074712 -0.152393 0.942691 -0.088720 0.013742 0.934891 -0.069893 0.102778 0.931694 -0.069327 0.161846 0.928918 -0.072071 0.335563 0.916940 -0.102340 0.166500 0.976403 -0.073646 0.065867 0.982911 -0.069838 0.013718 0.977757 -0.068827
-0.796292 0.091518 -0.194380 -0.752258 0.299536 -0.178056 -0.673852 0.473682 -0.164629 -0.605643 0.657512 -0.150063 -0.548402 0.827308 -0.129320 -0.432882 1.026983 -0.109574 -0.293877 1.136707 -0.084413 -0.122371 1.280801 -0.067310 0.083336 1.315074 -0.063581 0.314421 1.261230 -0.082145 0.446585 1.102277 -0.110472 0.529623 0.978727 -0.135926 0.623650 0.806675 -0.166688 0.689982 0.623679 -0.184249 0.704780 0.447610 -0.202267 0.757289 0.259455 -0.217007 0.794279 0.048568 -0.234954 -0.601811 0.052103 -0.136355 -0.493852 0.006633 -0.128419 -0.388415 -0.000743 -0.123314 -0.281226 0.036973 -0.119447 -0.177385 0.063709 -0.117430 0.234429 0.046387 -0.128823 0.337336 0.011336 -0.134190 0.464659 -0.034878 -0.143927 0.570448 -0.035462 -0.153566 0.676374 -0.003106 -0.166961 -0.001636 0.344181 -0.107857 0.042352 0.464084 -0.087849 0.086341 0.583986 -0.067840 0.087059 0.691187 -0.060346 -0.076882 0.735312 -0.074593 0.007838 0.763303 -0.072028 0.091232 0.756927 -0.072927 0.137148 0.753804 -0.077878 0.183063 0.723494 -0.081080 -0.461806 0.252717 -0.118097 -0.382021 0.194504 -0.113650 -0.276032 0.191342 -0.114070 -0.173000 0.257908 -0.117491 -0.274030 0.306587 -0.109079 -0.380076 0.315260 -0.110301 0.261239 0.239575 -0.124651 0.344498 0.166684 -0.127751 0.449969 0.164879 -0.132128 0.532461 0.213975 -0.140930 0.450575 0.281418 -0.129004 0.347122 0.283685 -0.125358 -0.184203 0.941850 -0.081145 -0.096755 0.927101 -0.070380 0.015036 0.892829 -0.061703 0.073172 0.890251 -0.062896 0.162847 0.888798 -0.066155 0.275797 0.909715 -0.081202 0.362141 0.915571 -0.100027 0.270270 1.002653 -0.081544 0.187577 1.059828 -0.068970 0.070939 1.061024 -0.065331 -0.008749 1.066138 -0.065187 -0.098367 1.019484 -0.071987 -0.149858 0.943841 -0.086034 0.013898 0.940918 -0.069894 0.101653 0.937718 -0.069597 0.158760 0.935520 -0.072823 0.330088 0.919050 -0.099907 0.162509 0.969032 -0.071464 0.065359 0.974820 -0.068073 0.013954 0.972485 -0.067393
-0.797231 0.094943 -0.192361 -0.753273 0.302598 -0.176460 -0.674718 0.476427 -0.163692 -0.606355 0.659786 -0.149342 -0.549473 0.829155 -0.128538 -0.433994 1.028815 -0.108919 -0.295209 1.137772 -0.083495 -0.124085 1.280637 -0.066022 0.081144 1.314409 -0.062293 0.311836 1.261138 -0.080996 0.443809 1.103610 -0.109660 0.526722 0.981035 -0.134957 0.620813 0.808887 -0.165797 0.686718 0.626414 -0.183207 0.701451 0.450248 -0.201312 0.754091 0.262313 -0.215437 0.790980 0.051575 -0.232890 -0.603540 0.056863 -0.135137 -0.495640 0.011308 -0.127446 -0.390378 0.004467 -0.122483 -0.283435 0.041801 -0.118716 -0.180055 0.068462 -0.116729 0.231098 0.051269 -0.128308 0.334174 0.016418 -0.133540 0.461269 -0.029987 -0.143103 0.567054 -0.031042 -0.152684 0.672753 0.000959 -0.165879 -0.003848 0.349269 -0.108072 0.039813 0.468922 -0.088506 0.083474 0.588574 -0.068939 0.084021 0.696001 -0.061735 -0.079424 0.739723 -0.074856 0.005347 0.767804 -0.072759 0.088326 0.761724 -0.073882 0.133752 0.758538 -0.078685 0.179760 0.728279 -0.081502 -0.464022 0.257153 -0.117342 -0.384554 0.199016 -0.113175 -0.278431 0.195853 -0.113525 -0.175517 0.262481 -0.116976 -0.276390 0.311114 -0.108575 -0.382475 0.319723 -0.109680 0.258150 0.243725 -0.123920 0.341175 0.170977 -0.127052 0.446581 0.169278 -0.131507 0.529339 0.218230 -0.139963 0.447211 0.285582 -0.128351 0.343953 0.287909 -0.124967 -0.183594 0.944113 -0.079152 -0.096462 0.932621 -0.070360 0.013095 0.899247 -0.062639 0.070219 0.897251 -0.063937 0.159025 0.895638 -0.066949 0.269429 0.916363 -0.081186 0.356157 0.918529 -0.098138 0.264568 0.999295 -0.079157 0.183378 1.054199 -0.066698 0.068171 1.054835 -0.063073 -0.009918 1.060505 -0.062782 -0.098715 1.016353 -0.069765 -0.149248 0.946291 -0.084193 0.012407 0.947189 -0.070627 0.098906 0.944914 -0.070725 0.154445 0.942508 -0.073528 0.323808 0.922305 -0.097874 0.158161 0.963756 -0.069594 0.062416 0.967835 -0.066595 0.012720 0.966865 -0.065617
-0.798994 0.098465 -0.190925 -0.755034 0.305836 -0.175435 -0.676374 0.479360 -0.163210 -0.607946 0.662385 -0.149020 -0.551251 0.831311 -0.128102 -0.435747 1.031059 -0.108487 -0.297141 1.139398 -0.082725 -0.126328 1.281312 -0.064876 0.078477 1.314657 -0.061100 0.308837 1.261899 -0.079808 0.440551 1.105423 -0.108777 0.523325 0.983777 -0.134003 0.617578 0.811493 -0.164884 0.683146 0.629421 -0.182245 0.697768 0.453046 -0.200296 0.750494 0.265242 -0.213995 0.787264 0.054612 -0.231080 -0.606184 0.061528 -0.134298 -0.498335 0.016052 -0.126705 -0.393258 0.009606 -0.121834 -0.286592 0.046567 -0.118111 -0.183473 0.073204 -0.116126 0.227099 0.056110 -0.127680 0.330342 0.021305 -0.132765 0.457238 -0.025277 -0.142193 0.563000 -0.026716 -0.151725 0.668565 0.004892 -0.164839 -0.006456 0.354190 -0.108036 0.036756 0.473682 -0.088884 0.079968 0.593175 -0.069732 0.080271 0.700779 -0.062784 -0.082723 0.744102 -0.074963 0.002103 0.772413 -0.073184 0.084756 0.766590 -0.074440 0.129802 0.763382 -0.079113 0.175877 0.733056 -0.081642 -0.467090 0.261554 -0.116767 -0.387852 0.203384 -0.112785 -0.281536 0.200289 -0.113151 -0.178782 0.267090 -0.116556 -0.279569 0.315708 -0.108236 -0.385756 0.324168 -0.109235 0.254342 0.247790 -0.123198 0.337230 0.175106 -0.126315 0.442663 0.173471 -0.130736 0.525660 0.222275 -0.139014 0.443344 0.289692 -0.127586 0.340176 0.291949 -0.124464 -0.183428 0.947332 -0.077033 -0.097016 0.938674 -0.069971 0.010473 0.906336 -0.063120 0.066497 0.905070 -0.064397 0.154560 0.902858 -0.067165 0.262568 0.923748 -0.080642 0.349461 0.922457 -0.095890 0.258551 0.997171 -0.076483 0.178683 1.050236 -0.064232 0.064803 1.050691 -0.060647 -0.011936 1.056660 -0.060237 -0.099828 1.014610 -0.067362 -0.149126 0.949548 -0.082251 0.010360 0.954210 -0.071420 0.097022 0.952928 -0.071656 0.149257 0.950192 -0.074150 0.316594 0.926491 -0.095478 0.153330 0.960012 -0.067077 0.057104 0.962667 -0.064338 0.010816 0.962724 -0.063149
-0.800937 0.102109 -0.189815 -0.756812 0.309195 -0.174625 -0.678059 0.482442 -0.162740 -0.609521 0.665129 -0.148518 -0.552849 0.833512 -0.127333 -0.437231 1.033282 -0.107627 -0.298753 1.140929 -0.081444 -0.128191 1.281998 -0.063248 0.076182 1.314909 -0.059418 0.306169 1.262619 -0.077981 0.437519 1.107012 -0.107134 0.519982 0.986221 -0.132320 0.614438 0.813863 -0.163227 0.679726 0.632204 -0.180619 0.694159 0.455626 -0.198668 0.746848 0.267932 -0.212136 0.783414 0.057413 -0.228999 -0.609166 0.065779 -0.134015 -0.501433 0.020347 -0.126433 -0.396608 0.014151 -0.121652 -0.290240 0.050695 -0.117894 -0.187242 0.077341 -0.115859 0.222728 0.060194 -0.127082 0.326096 0.025366 -0.132026 0.452816 -0.021425 -0.141308 0.558526 -0.023121 -0.150720 0.663998 0.008206 -0.163665 -0.009101 0.358104 -0.107985 0.033588 0.477460 -0.089106 0.076276 0.596817 -0.070228 0.076360 0.704537 -0.063464 -0.086103 0.747690 -0.074718 -0.001253 0.776236 -0.073130 0.081082 0.770536 -0.074449 0.125759 0.767355 -0.078969 0.171862 0.736946 -0.081228 -0.470400 0.265480 -0.116431 -0.391369 0.207156 -0.112583 -0.284855 0.204151 -0.112950 -0.182339 0.271139 -0.116241 -0.283091 0.319755 -0.108047 -0.389335 0.328052 -0.109012 0.250171 0.251131 -0.122324 0.332999 0.178522 -0.125461 0.438473 0.176915 -0.129736 0.521681 0.225553 -0.137859 0.439212 0.293131 -0.126579 0.336085 0.295218 -0.123710 -0.182428 0.950882 -0.074219 -0.097162 0.943650 -0.068767 0.007970 0.911373 -0.062749 0.062756 0.910718 -0.063933 0.150062 0.908371 -0.066450 0.255509 0.930097 -0.079099 0.342282 0.926666 -0.092675 0.252620 0.997748 -0.073095 0.174102 1.048700 -0.061256 0.061679 1.049240 -0.057712 -0.013759 1.055165 -0.057234 -0.100484 1.015055 -0.064367 -0.148306 0.952944 -0.079630 0.008706 0.959244 -0.069054 0.087201 0.958693 -0.069480 0.144819 0.956105 -0.071728 0.308797 0.930878 -0.092034 0.147647 0.958568 -0.065982 0.059773 0.960506 -0.063549 0.009032 0.960932 -0.062455
-0.802631 0.105494 -0.188536 -0.758315 0.312272 -0.173617 -0.679568 0.485282 -0.161966 -0.610949 0.667522 -0.147575 -0.554303 0.835312 -0.126095 -0.438566 1.034936 -0.106384 -0.300224 1.141890 -0.079835 -0.129938 1.282183 -0.061431 0.073934 1.314748 -0.057608 0.303436 1.262986 -0.075930 0.434376 1.108307 -0.105065 0.516452 0.988246 -0.130180 0.611072 0.815944 -0.161012 0.676184 0.634806 -0.178450 0.690459 0.458215 -0.196577 0.743095 0.270705 -0.209831 0.779478 0.060320 -0.226470 -0.611771 0.069520 -0.133998 -0.504194 0.024151 -0.126437 -0.399707 0.018120 -0.121769 -0.293609 0.054319 -0.117949 -0.190747 0.081031 -0.115821 0.218539 0.063884 -0.126547 0.321989 0.029024 -0.131395 0.448551 -0.017965 -0.140511 0.554142 -0.019789 -0.149745 0.659436 0.011415 -0.162320 -0.011491 0.361205 -0.108133 0.030615 0.480457 -0.089423 0.072722 0.599709 -0.070713 0.072651 0.707457 -0.064050 -0.089222 0.750581 -0.074342 -0.004428 0.779285 -0.072881 0.077502 0.773624 -0.074273 0.121767 0.770522 -0.078589 0.167863 0.740097 -0.080560 -0.473349 0.268972 -0.116187 -0.394478 0.210515 -0.112493 -0.287850 0.207561 -0.112774 -0.185659 0.274664 -0.115956 -0.286387 0.323251 -0.107889 -0.392577 0.331412 -0.108895 0.246106 0.254060 -0.121330 0.328934 0.181660 -0.124535 0.434351 0.180120 -0.128620 0.517695 0.228518 -0.136552 0.435134 0.296268 -0.125449 0.332057 0.298162 -0.122783 -0.180514 0.954211 -0.070962 -0.096625 0.947207 -0.067066 0.005736 0.913825 -0.061859 0.059144 0.913599 -0.062978 0.145542 0.911719 -0.065268 0.248212 0.934948 -0.076955 0.334562 0.930782 -0.088893 0.246654 1.000663 -0.069480 0.169567 1.049196 -0.058242 0.058819 1.049698 -0.054745 -0.015199 1.055337 -0.054231 -0.100366 1.017085 -0.061144 -0.146700 0.955986 -0.076506 0.007437 0.961662 -0.065198 0.074844 0.961587 -0.065882 0.140733 0.959574 -0.067835 0.300556 0.935075 -0.087913 0.141738 0.959113 -0.065569 0.065323 0.960721 -0.063555 0.007544 0.960964 -0.062628
-0.804031 0.107922 -0.187321 -0.759651 0.314438 -0.172731 -0.681016 0.487248 -0.161293 -0.612456 0.669000 -0.146736 -0.555961 0.836308 -0.125077 -0.440195 1.035754 -0.105511 -0.302063 1.142274 -0.078697 -0.132124 1.282043 -0.060234 0.071237 1.314491 -0.056444 0.300234 1.263270 -0.074463 0.430841 1.109508 -0.103413 0.512707 0.989972 -0.128368 0.607452 0.817791 -0.159050 0.672548 0.637177 -0.176470 0.686800 0.460737 -0.194671 0.739509 0.273451 -0.207614 0.775835 0.063165 -0.223963 -0.613798 0.072418 -0.134075 -0.506348 0.027215 -0.126549 -0.402213 0.021364 -0.121960 -0.296310 0.057407 -0.118073 -0.193653 0.084231 -0.115837 0.214992 0.067323 -0.126089 0.318558 0.032444 -0.130835 0.444978 -0.014675 -0.139822 0.550417 -0.016525 -0.148876 0.655438 0.014595 -0.161014 -0.013559 0.363817 -0.108483 0.027954 0.483005 -0.089875 0.069467 0.602194 -0.071267 0.069248 0.709881 -0.064661 -0.092054 0.753001 -0.074063 -0.007384 0.781803 -0.072694 0.074105 0.776137 -0.074210 0.117948 0.773137 -0.078328 0.164019 0.742792 -0.080013 -0.475777 0.271847 -0.116039 -0.397006 0.213380 -0.112515 -0.290365 0.210451 -0.112657 -0.188457 0.277600 -0.115752 -0.289154 0.326083 -0.107778 -0.395238 0.334169 -0.108885 0.242538 0.256711 -0.120434 0.325408 0.184581 -0.123708 0.430668 0.183190 -0.127634 0.514113 0.231352 -0.135360 0.431496 0.299211 -0.124451 0.328484 0.300963 -0.121953 -0.178593 0.957163 -0.068040 -0.096103 0.949750 -0.065456 0.003588 0.914607 -0.060946 0.055698 0.914637 -0.062048 0.141065 0.913500 -0.064146 0.241081 0.938691 -0.074893 0.326718 0.934709 -0.085489 0.240741 1.005070 -0.066475 0.165134 1.051301 -0.055851 0.055912 1.051500 -0.052476 -0.016741 1.056759 -0.051933 -0.100168 1.020154 -0.058463 -0.145130 0.958710 -0.073587 0.006086 0.962451 -0.061947 0.065182 0.962617 -0.062889 0.136616 0.961314 -0.064496 0.292447 0.939042 -0.084139 0.136285 0.961203 -0.065196 0.068350 0.962605 -0.063609 0.006050 0.962425 -0.062746
-0.804888 0.109295 -0.186675 -0.760606 0.315653 -0.172380 -0.682148 0.488257 -0.161053 -0.613784 0.669543 -0.146292 -0.557546 0.836502 -0.124482 -0.441879 1.035755 -0.104962 -0.304120 1.142097 -0.077860 -0.134631 1.281522 -0.059268 0.068231 1.314021 -0.055340 0.296774 1.263337 -0.072996 0.427247 1.110461 -0.101670 0.509231 0.991417 -0.126479 0.604134 0.819460 -0.157057 0.669432 0.639299 -0.174558 0.683790 0.463085 -0.192799 0.736687 0.276022 -0.205416 0.773084 0.065785 -0.221522 -0.615315 0.074248 -0.134393 -0.507999 0.029330 -0.126917 -0.404184 0.023650 -0.122284 -0.298396 0.059718 -0.118294 -0.195996 0.086638 -0.115906 0.212162 0.070257 -0.125662 0.315862 0.035316 -0.130244 0.442213 -0.011798 -0.139111 0.547525 -0.013577 -0.147988 0.652296 0.017403 -0.159723 -0.015364 0.365742 -0.108782 0.025571 0.484896 -0.090214 0.066506 0.604049 -0.071647 0.066091 0.711616 -0.065010 -0.094585 0.754787 -0.073672 -0.010110 0.783656 -0.072345 0.070967 0.778020 -0.073934 0.114430 0.775130 -0.077900 0.160494 0.744908 -0.079354 -0.477743 0.273850 -0.116091 -0.399075 0.215440 -0.112740 -0.292482 0.212551 -0.112725 -0.190671 0.279683 -0.115666 -0.291352 0.327995 -0.107792 -0.397356 0.336075 -0.109029 0.239683 0.258838 -0.119652 0.322541 0.186912 -0.122946 0.427612 0.185699 -0.126723 0.511169 0.233771 -0.134225 0.428491 0.301650 -0.123522 0.325566 0.303323 -0.121217 -0.177079 0.959430 -0.065378 -0.095969 0.951949 -0.063778 0.001484 0.915455 -0.059838 0.052448 0.915675 -0.060880 0.136686 0.914951 -0.062824 0.234456 0.942157 -0.072699 0.319226 0.938120 -0.082239 0.235082 1.008537 -0.063663 0.160900 1.052863 -0.053589 0.052889 1.052550 -0.050458 -0.018514 1.057632 -0.049884 -0.100318 1.022354 -0.056032 -0.143864 0.960909 -0.070758 0.004494 0.963298 -0.060750 0.063593 0.963654 -0.061776 0.131943 0.962765 -0.063010 0.284860 0.942509 -0.080610 0.131943 0.962765 -0.063010 0.063593 0.963654 -0.061776 0.004494 0.963298 -0.060750
-0.805328 0.109864 -0.186753 -0.761238 0.316181 -0.172586 -0.682979 0.488548 -0.161185 -0.614877 0.669501 -0.146095 -0.558887 0.836164 -0.123977 -0.443388 1.035185 -0.104180 -0.306132 1.141408 -0.076637 -0.137121 1.280530 -0.057656 0.065269 1.313112 -0.053355 0.293420 1.263045 -0.070709 0.423871 1.111000 -0.099207 0.506241 0.992619 -0.124048 0.601419 0.821055 -0.154741 0.667081 0.641282 -0.172594 0.681602 0.465258 -0.190898 0.734740 0.278353 -0.203342 0.771304 0.068120 -0.219420 -0.616536 0.074824 -0.135021 -0.509376 0.030246 -0.127634 -0.405788 0.024692 -0.122840 -0.300050 0.060867 -0.118727 -0.197897 0.087822 -0.116175 0.209961 0.072143 -0.125397 0.313755 0.037124 -0.129730 0.440126 -0.009848 -0.138456 0.545373 -0.011440 -0.147165 0.649981 0.019330 -0.158591 -0.016898 0.366672 -0.108964 0.023493 0.485739 -0.090333 0.063883 0.604806 -0.071703 0.063182 0.712235 -0.064952 -0.096785 0.755650 -0.072935 -0.012554 0.784588 -0.071600 0.068185 0.779046 -0.073167 0.111341 0.776283 -0.077058 0.157405 0.746197 -0.078352 -0.479386 0.274672 -0.116333 -0.400873 0.216234 -0.113144 -0.294329 0.213456 -0.113000 -0.192387 0.280597 -0.115713 -0.293092 0.328674 -0.107932 -0.399108 0.336787 -0.109270 0.237516 0.259980 -0.119002 0.320257 0.188076 -0.122266 0.425213 0.187033 -0.125878 0.508883 0.235273 -0.133167 0.426115 0.303112 -0.122632 0.323306 0.304722 -0.120570 -0.175901 0.961035 -0.062398 -0.096101 0.953620 -0.061608 -0.000450 0.915961 -0.058217 0.049485 0.916155 -0.059115 0.132531 0.915927 -0.060951 0.228425 0.945199 -0.070050 0.312347 0.941042 -0.078651 0.229836 1.011579 -0.060284 0.157016 1.053839 -0.050640 0.049960 1.053030 -0.047810 -0.020313 1.058138 -0.047194 -0.100779 1.024024 -0.053089 -0.142727 0.962580 -0.067493 0.002946 0.963805 -0.058559 0.060680 0.964134 -0.059711 0.127739 0.963741 -0.060669 0.277872 0.945551 -0.076873 0.127739 0.963741 -0.060669 0.060680 0.964134 -0.059711 0.002946 0.963805 -0.058559
-0.805499 0.110065 -0.187443 -0.761624 0.316407 -0.173177 -0.683587 0.488560 -0.161513 -0.615775 0.669316 -0.145986 -0.559980 0.835678 -0.123431 -0.444737 1.034396 -0.103069 -0.308054 1.140417 -0.074991 -0.139536 1.279266 -0.055432 0.062428 1.311884 -0.050581 0.290247 1.262476 -0.067696 0.420768 1.111198 -0.096137 0.503661 0.993656 -0.121155 0.599211 0.822637 -0.152102 0.665311 0.643237 -0.170528 0.680043 0.467338 -0.188921 0.733421 0.280549 -0.201413 0.770223 0.070344 -0.217706 -0.617605 0.074471 -0.136007 -0.510627 0.030191 -0.128733 -0.407202 0.024699 -0.123728 -0.301482 0.061044 -0.119460 -0.199509 0.087983 -0.116753 0.208163 0.073016 -0.125381 0.311997 0.037930 -0.129448 0.438438 -0.008809 -0.137988 0.543659 -0.010117 -0.146544 0.648208 0.020454 -0.157716 -0.018296 0.366710 -0.109085 0.021606 0.485630 -0.090316 0.061509 0.604550 -0.071548 0.060474 0.711845 -0.064613 -0.098807 0.755651 -0.072054 -0.014829 0.784670 -0.070649 0.065669 0.779248 -0.072120 0.108621 0.776647 -0.075979 0.154705 0.746675 -0.077183 -0.480851 0.274511 -0.116798 -0.402500 0.215943 -0.113737 -0.295993 0.213331 -0.113503 -0.193806 0.280550 -0.115962 -0.294551 0.328413 -0.108248 -0.400645 0.336507 -0.109654 0.235798 0.260288 -0.118538 0.318354 0.188253 -0.121727 0.423281 0.187329 -0.125167 0.507044 0.235955 -0.132243 0.424170 0.303704 -0.121832 0.321480 0.305225 -0.120010 -0.175467 0.961880 -0.059488 -0.096757 0.954625 -0.059293 -0.002368 0.916075 -0.056377 0.046715 0.916091 -0.057081 0.128754 0.916311 -0.058856 0.223286 0.947508 -0.067307 0.306571 0.943235 -0.075086 0.225333 1.013888 -0.056730 0.153568 1.054223 -0.047375 0.047151 1.052967 -0.044837 -0.022191 1.058252 -0.044193 -0.101722 1.025030 -0.050018 -0.142231 0.963585 -0.064264 0.001259 0.963919 -0.056111 0.057973 0.964071 -0.057353 0.123954 0.964125 -0.058113 0.271994 0.947860 -0.073285 0.123954 0.964125 -0.058113 0.057973 0.964071 -0.057353 0.001259 0.963919 -0.056111
-0.805482 0.110053 -0.188187 -0.761786 0.316410 -0.173637 -0.683934 0.488364 -0.161613 -0.616379 0.668966 -0.145652 -0.560720 0.834988 -0.122677 -0.445782 1.033376 -0.101741 -0.309656 1.139057 -0.073191 -0.141594 1.277667 -0.053115 0.060031 1.310194 -0.047694 0.287625 1.261302 -0.064562 0.418241 1.110663 -0.092959 0.501589 0.993951 -0.118053 0.597499 0.823530 -0.149232 0.663966 0.644577 -0.168181 0.678881 0.468740 -0.186690 0.732414 0.282065 -0.199385 0.769459 0.071994 -0.216016 -0.618572 0.073705 -0.137048 -0.511794 0.029570 -0.129870 -0.408506 0.024133 -0.124682 -0.302836 0.060650 -0.120223 -0.200968 0.087537 -0.117392 0.206549 0.073053 -0.125410 0.310364 0.037964 -0.129258 0.436824 -0.008582 -0.137614 0.542046 -0.009623 -0.146021 0.646650 0.020760 -0.157027 -0.019621 0.366022 -0.108983 0.019909 0.484728 -0.090040 0.059438 0.603433 -0.071098 0.058089 0.710552 -0.064001 -0.100649 0.754680 -0.071166 -0.016870 0.783808 -0.069646 0.063530 0.778439 -0.070990 0.106392 0.775964 -0.074830 0.152535 0.746097 -0.075991 -0.482150 0.273713 -0.117284 -0.403972 0.214955 -0.114299 -0.297484 0.212521 -0.114036 -0.195069 0.279852 -0.116274 -0.295807 0.327564 -0.108602 -0.401978 0.335585 -0.110047 0.234310 0.259882 -0.118121 0.316666 0.187675 -0.121212 0.421585 0.186839 -0.124534 0.505432 0.235855 -0.131374 0.422450 0.303475 -0.121073 0.319869 0.304905 -0.119453 -0.176207 0.961363 -0.057365 -0.098184 0.954329 -0.057407 -0.004225 0.915300 -0.054722 0.044421 0.915097 -0.055250 0.125937 0.915541 -0.056965 0.219858 0.948045 -0.064999 0.302754 0.943691 -0.072293 0.222247 1.014425 -0.053902 0.151044 1.053453 -0.044696 0.044769 1.051972 -0.042399 -0.024139 1.057478 -0.041763 -0.103294 1.024734 -0.047694 -0.143004 0.963289 -0.061904 -0.000602 0.963144 -0.054024 0.055661 0.963076 -0.055295 0.121141 0.963355 -0.055930 0.268226 0.948397 -0.070522 0.121141 0.963355 -0.055930 0.055661 0.963076 -0.055295 -0.000602 0.963144 -0.054024
-0.805265 0.109692 -0.189133 -0.761700 0.316116 -0.174127 -0.683990 0.487874 -0.161653 -0.616653 0.668386 -0.145315 -0.561085 0.834093 -0.121983 -0.446468 1.032149 -0.100549 -0.310847 1.137501 -0.071595 -0.143169 1.275935 -0.051093 0.058236 1.308287 -0.045024 0.285822 1.259647 -0.061594 0.416582 1.109418 -0.089873 0.500317 0.993355 -0.114913 0.596544 0.823530 -0.146243 0.663337 0.645071 -0.165606 0.678353 0.469201 -0.184235 0.731917 0.282600 -0.197273 0.769187 0.072685 -0.214312 -0.619471 0.072574 -0.138163 -0.512906 0.028538 -0.130998 -0.409738 0.023068 -0.125642 -0.304149 0.059727 -0.120962 -0.202294 0.086566 -0.117997 0.205171 0.072298 -0.125356 0.308888 0.037224 -0.129057 0.435358 -0.009177 -0.137267 0.540614 -0.010014 -0.145492 0.645417 0.020170 -0.156486 -0.020860 0.364713 -0.108521 0.018439 0.483170 -0.089371 0.057737 0.601626 -0.070221 0.056160 0.708491 -0.062987 -0.102268 0.752773 -0.070320 -0.018609 0.782045 -0.068629 0.061878 0.776648 -0.069771 0.104829 0.774199 -0.073595 0.151061 0.744406 -0.074785 -0.483266 0.272383 -0.117867 -0.405268 0.213417 -0.114861 -0.298776 0.211134 -0.114659 -0.196180 0.278594 -0.116692 -0.296886 0.326227 -0.109051 -0.403132 0.334147 -0.110532 0.233094 0.258771 -0.117779 0.315267 0.186388 -0.120741 0.420191 0.185609 -0.123967 0.504081 0.234933 -0.130591 0.421049 0.302401 -0.120389 0.318511 0.303738 -0.118914 -0.178556 0.959375 -0.056461 -0.100714 0.952617 -0.056208 -0.005976 0.913629 -0.053372 0.042779 0.913204 -0.053723 0.124380 0.913537 -0.055349 0.218813 0.946418 -0.063259 0.301637 0.942042 -0.070609 0.221081 1.012798 -0.052186 0.149707 1.051448 -0.042999 0.042912 1.050080 -0.040897 -0.026251 1.055806 -0.040345 -0.105710 1.023022 -0.046553 -0.145441 0.961577 -0.060861 -0.002683 0.961472 -0.052543 0.053888 0.961184 -0.053743 0.119668 0.961350 -0.054345 0.267303 0.946770 -0.068904 0.119668 0.961350 -0.054345 0.053888 0.961184 -0.053743 -0.002683 0.961472 -0.052543
-0.805169 0.108732 -0.190401 -0.761769 0.315333 -0.174870 -0.684214 0.486904 -0.161909 -0.617099 0.667480 -0.145292 -0.561612 0.833019 -0.121682 -0.447274 1.030823 -0.099879 -0.312064 1.136058 -0.070578 -0.144669 1.274452 -0.049754 0.056670 1.306727 -0.043018 0.284488 1.258134 -0.059326 0.415417 1.108019 -0.087473 0.499499 0.992334 -0.112404 0.596022 0.823029 -0.143862 0.663162 0.645020 -0.163537 0.678220 0.469016 -0.182260 0.731806 0.282400 -0.195721 0.769334 0.072541 -0.213218 -0.620292 0.070933 -0.139304 -0.513891 0.027046 -0.132038 -0.410762 0.021449 -0.126533 -0.305256 0.058237 -0.121671 -0.203347 0.085092 -0.118581 0.204290 0.070908 -0.125378 0.307847 0.035856 -0.128989 0.434342 -0.010403 -0.137143 0.539668 -0.011047 -0.145172 0.644713 0.018924 -0.156356 -0.021884 0.363145 -0.107901 0.017295 0.481336 -0.088522 0.056474 0.599527 -0.069143 0.054713 0.706079 -0.061825 -0.103667 0.750380 -0.069685 -0.020054 0.779824 -0.067778 0.060688 0.774334 -0.068675 0.103874 0.771822 -0.072524 0.150171 0.742104 -0.073812 -0.484206 0.270567 -0.118575 -0.406342 0.211379 -0.115457 -0.299816 0.209244 -0.115407 -0.197089 0.276896 -0.117274 -0.297779 0.324451 -0.109628 -0.404132 0.332275 -0.111144 0.232235 0.257122 -0.117724 0.314292 0.184537 -0.120549 0.419271 0.183835 -0.123677 0.503112 0.233407 -0.130201 0.420092 0.300743 -0.120034 0.317534 0.301956 -0.118674 -0.182267 0.956720 -0.056683 -0.104225 0.950260 -0.055722 -0.007672 0.911847 -0.052435 0.041682 0.911252 -0.052609 0.123804 0.911222 -0.054104 0.219677 0.943642 -0.062237 0.302629 0.939273 -0.070188 0.221368 1.010021 -0.051689 0.149304 1.049134 -0.042394 0.041478 1.048127 -0.040408 -0.028595 1.054024 -0.039984 -0.108898 1.020665 -0.046563 -0.149227 0.959220 -0.061051 -0.004954 0.959691 -0.051762 0.052526 0.959231 -0.052817 0.119251 0.959036 -0.053504 0.268555 0.943994 -0.068564 0.119251 0.959036 -0.053504 0.052526 0.959231 -0.052817 -0.004954 0.959691 -0.051762
-0.804717 0.107588 -0.192336 -0.762079 0.313722 -0.176191 -0.684448 0.485610 -0.163299 -0.617535 0.666488 -0.145817 -0.562442 0.831521 -0.121744 -0.448382 1.030355 -0.100210 -0.313607 1.134918 -0.070346 -0.146798 1.272319 -0.049637 0.054426 1.304734 -0.042024 0.282993 1.256508 -0.057939 0.414407 1.107450 -0.086423 0.498938 0.991757 -0.110886 0.595944 0.822052 -0.142693 0.662837 0.644962 -0.161261 0.677644 0.468716 -0.180561 0.731436 0.282346 -0.194319 0.769884 0.072111 -0.212382 -0.620893 0.069284 -0.141412 -0.513983 0.024263 -0.133326 -0.410923 0.019732 -0.127788 -0.305714 0.056515 -0.122733 -0.204551 0.083166 -0.119208 0.204222 0.068747 -0.126333 0.307392 0.034521 -0.129652 0.433125 -0.011172 -0.137745 0.539224 -0.011833 -0.145252 0.644306 0.017855 -0.156926 -0.022698 0.362333 -0.108870 0.016289 0.479516 -0.088604 0.055276 0.596699 -0.068337 0.053134 0.702430 -0.060977 -0.105021 0.747377 -0.068936 -0.021032 0.777347 -0.066806 0.059693 0.771509 -0.068254 0.102263 0.768653 -0.072049 0.149053 0.739739 -0.072640 -0.484540 0.268491 -0.119753 -0.406910 0.208458 -0.116616 -0.300749 0.207017 -0.116246 -0.198214 0.274845 -0.118155 -0.298892 0.321932 -0.110383 -0.405219 0.330083 -0.112315 0.231310 0.254911 -0.117067 0.313532 0.181949 -0.120505 0.418528 0.182345 -0.124231 0.502980 0.232399 -0.130293 0.419108 0.298735 -0.120007 0.317240 0.300062 -0.119274 -0.185527 0.954096 -0.057166 -0.108638 0.949283 -0.056043 -0.009500 0.910044 -0.052148 0.041459 0.910592 -0.052321 0.124528 0.910315 -0.053288 0.220510 0.941109 -0.062419 0.303082 0.936758 -0.071245 0.221065 1.007489 -0.052648 0.150639 1.048227 -0.042964 0.040778 1.047467 -0.040952 -0.031638 1.052221 -0.041076 -0.113244 1.019688 -0.047786 -0.153828 0.958243 -0.062187 -0.007758 0.957888 -0.051651 0.050468 0.958572 -0.053235 0.119072 0.958129 -0.053642 0.270443 0.941461 -0.069027 0.119072 0.958129 -0.053642 0.050468 0.958572 -0.053235 -0.007758 0.957888 -0.051651
-0.805603 0.103504 -0.193882 -0.761325 0.313366 -0.177586 -0.685811 0.482733 -0.161454 -0.619312 0.663332 -0.146413 -0.564127 0.830996 -0.122560 -0.450064 1.024619 -0.098505 -0.316113 1.132146 -0.068848 -0.148347 1.275146 -0.046192 0.053659 1.308090 -0.039383 0.281348 1.258619 -0.055454 0.411919 1.104644 -0.081699 0.496195 0.990048 -0.107243 0.593229 0.824301 -0.138940 0.663544 0.645410 -0.163596 0.680324 0.468811 -0.181229 0.734428 0.281256 -0.195915 0.770814 0.072352 -0.214650 -0.621076 0.063958 -0.140598 -0.516975 0.024295 -0.135178 -0.413442 0.014650 -0.128772 -0.307048 0.051807 -0.123940 -0.202562 0.079784 -0.121436 0.202963 0.067812 -0.124056 0.307372 0.030594 -0.128237 0.436554 -0.016631 -0.136556 0.539939 -0.015766 -0.145214 0.646075 0.015107 -0.156713 -0.024023 0.356935 -0.103062 0.015347 0.476827 -0.084822 0.054716 0.596718 -0.066583 0.053153 0.704526 -0.059644 -0.106330 0.747010 -0.070259 -0.023991 0.775354 -0.067767 0.058596 0.770032 -0.065664 0.105176 0.768343 -0.070018 0.149812 0.737066 -0.073940 -0.487287 0.265057 -0.120696 -0.409178 0.207301 -0.117210 -0.301185 0.203781 -0.118630 -0.197106 0.272459 -0.119651 -0.297858 0.320743 -0.112043 -0.404824 0.326827 -0.112627 0.232557 0.253386 -0.121912 0.313988 0.181344 -0.122036 0.419076 0.178017 -0.122370 0.500685 0.227559 -0.130690 0.420162 0.297491 -0.120452 0.314789 0.297220 -0.117840 -0.193489 0.951803 -0.058828 -0.110784 0.941384 -0.053874 -0.011654 0.910112 -0.049577 0.037511 0.905783 -0.048544 0.119166 0.904543 -0.050823 0.224055 0.938316 -0.058341 0.308789 0.933948 -0.067780 0.223935 1.004695 -0.049788 0.143541 1.042454 -0.041101 0.036587 1.042659 -0.039547 -0.032120 1.052289 -0.038350 -0.113438 1.011789 -0.046115 -0.155879 0.950344 -0.061688 -0.008815 0.957956 -0.050307 0.051936 0.953763 -0.048609 0.118671 0.952356 -0.050779 0.270331 0.938668 -0.068712 0.118671 0.952356 -0.050779 0.051936 0.953763 -0.048609 -0.008815 0.957956 -0.050307
-0.808425 0.100044 -0.195151 -0.761643 0.312456 -0.178737 -0.687316 0.480848 -0.159313 -0.623440 0.661967 -0.145895 -0.564953 0.830653 -0.124329 -0.452146 1.017486 -0.095154 -0.316095 1.131034 -0.068292 -0.145995 1.277754 -0.042752 0.053819 1.309633 -0.034190 0.278585 1.258354 -0.050929 0.408161 1.100006 -0.073725 0.494133 0.987442 -0.103821 0.590592 0.827421 -0.132083 0.665982 0.644072 -0.165783 0.683478 0.470778 -0.179122 0.734928 0.280842 -0.196723 0.769440 0.072490 -0.214178 -0.621977 0.055829 -0.138449 -0.520734 0.026565 -0.135931 -0.417724 0.007796 -0.129196 -0.310808 0.047010 -0.124596 -0.200548 0.078253 -0.123597 0.202008 0.067549 -0.122192 0.305625 0.024898 -0.127604 0.440186 -0.022918 -0.136126 0.539091 -0.018289 -0.145977 0.644782 0.011990 -0.153297 -0.023025 0.348678 -0.095533 0.015667 0.472730 -0.081751 0.054359 0.596782 -0.067968 0.054838 0.705851 -0.056971 -0.106539 0.744397 -0.072523 -0.027387 0.771949 -0.069010 0.056603 0.769600 -0.061291 0.108098 0.768645 -0.066022 0.150431 0.732134 -0.076630 -0.487915 0.259535 -0.121616 -0.406942 0.206513 -0.115227 -0.297758 0.199389 -0.120591 -0.193588 0.269235 -0.119475 -0.296133 0.318577 -0.114060 -0.403634 0.322611 -0.112979 0.235189 0.254548 -0.127950 0.314904 0.181703 -0.124249 0.422339 0.172269 -0.119864 0.498138 0.220358 -0.131183 0.424105 0.294989 -0.122069 0.315349 0.294212 -0.116198 -0.200279 0.949517 -0.059645 -0.110862 0.931100 -0.049728 -0.012533 0.911399 -0.045354 0.028230 0.898915 -0.044006 0.110944 0.896318 -0.048548 0.226490 0.932706 -0.051295 0.312499 0.931089 -0.062069 0.232634 0.999086 -0.043399 0.133250 1.034230 -0.037828 0.029248 1.035791 -0.036700 -0.033101 1.053576 -0.032384 -0.111266 1.001504 -0.040743 -0.156062 0.940060 -0.056820 -0.008068 0.959243 -0.047895 0.055096 0.946895 -0.041542 0.115701 0.944132 -0.047499 0.269514 0.933058 -0.065785 0.115701 0.944132 -0.047499 0.055096 0.946895 -0.041542 -0.008068 0.959243 -0.047895
-0.807976 0.099650 -0.196188 -0.761522 0.311264 -0.179121 -0.686916 0.480362 -0.159488 -0.623842 0.661804 -0.144615 -0.564873 0.829375 -0.122634 -0.452515 1.015931 -0.092455 -0.316003 1.128946 -0.065619 -0.145972 1.273366 -0.039413 0.052508 1.304407 -0.029482 0.276961 1.254054 -0.046275 0.406724 1.097862 -0.069460 0.493479 0.986437 -0.100699 0.590169 0.827105 -0.128895 0.665856 0.643852 -0.163146 0.682862 0.471661 -0.176731 0.733734 0.281623 -0.195259 0.769022 0.072618 -0.212836 -0.621504 0.052738 -0.140174 -0.519873 0.023809 -0.137430 -0.417292 0.004697 -0.131034 -0.310725 0.044155 -0.126387 -0.200500 0.075730 -0.125223 0.202571 0.064770 -0.124220 0.305371 0.022218 -0.129484 0.439882 -0.024803 -0.137869 0.538770 -0.019356 -0.147206 0.643860 0.010640 -0.153314 -0.022462 0.345979 -0.097174 0.015754 0.469412 -0.083195 0.053971 0.592844 -0.069216 0.054621 0.701094 -0.056724 -0.106503 0.740319 -0.072038 -0.027579 0.768392 -0.068267 0.056044 0.766485 -0.060544 0.107031 0.765279 -0.065134 0.149583 0.728717 -0.076018 -0.486666 0.256236 -0.122804 -0.405181 0.203202 -0.115998 -0.296705 0.196032 -0.121552 -0.193012 0.266140 -0.120061 -0.296037 0.314890 -0.115047 -0.403300 0.319355 -0.114131 0.235316 0.252350 -0.128227 0.314922 0.178838 -0.125047 0.422881 0.169577 -0.120695 0.498304 0.217941 -0.131767 0.424433 0.292012 -0.122829 0.316278 0.291623 -0.117107 -0.199813 0.945617 -0.056954 -0.111002 0.927690 -0.047882 -0.012715 0.907019 -0.043885 0.026779 0.894234 -0.042847 0.110146 0.891927 -0.047233 0.224733 0.928804 -0.049260 0.310210 0.928199 -0.059670 0.232233 0.995183 -0.040287 0.132391 1.029839 -0.035147 0.028164 1.031109 -0.033871 -0.034000 1.049197 -0.029454 -0.111512 0.998095 -0.037553 -0.156168 0.936650 -0.053567 -0.008363 0.954863 -0.045871 0.054328 0.942213 -0.039660 0.114153 0.939741 -0.045751 0.268442 0.929156 -0.062715 0.114153 0.939741 -0.045751 0.054328 0.942213 -0.039660 -0.008363 0.954863 -0.045871
-0.804297 0.101487 -0.197074 -0.761107 0.308987 -0.178871 -0.684785 0.480511 -0.162220 -0.620777 0.662115 -0.143187 -0.564208 0.826671 -0.118564 -0.451581 1.019745 -0.091822 -0.316205 1.126175 -0.062556 -0.148685 1.262938 -0.038316 0.049522 1.293735 -0.027531 0.276380 1.246590 -0.043660 0.407698 1.098483 -0.070781 0.494373 0.986832 -0.099426 0.591976 0.822841 -0.130559 0.663171 0.644104 -0.156521 0.678534 0.470784 -0.174579 0.731012 0.282982 -0.191989 0.769754 0.072265 -0.210967 -0.619604 0.054545 -0.145475 -0.514287 0.015917 -0.139273 -0.412004 0.005258 -0.133822 -0.306665 0.043320 -0.128818 -0.202256 0.072331 -0.125824 0.204999 0.059611 -0.129805 0.306957 0.022617 -0.133643 0.435989 -0.022165 -0.141577 0.539365 -0.018903 -0.148820 0.643696 0.011037 -0.156833 -0.022268 0.348981 -0.107490 0.015756 0.467154 -0.088797 0.053781 0.585327 -0.070104 0.052736 0.690698 -0.058754 -0.106279 0.734863 -0.069194 -0.024557 0.764767 -0.065891 0.057060 0.760748 -0.063707 0.102224 0.758275 -0.067676 0.147595 0.726810 -0.072550 -0.483526 0.255112 -0.124156 -0.403734 0.197491 -0.119306 -0.297797 0.193820 -0.121341 -0.195236 0.263229 -0.121290 -0.297396 0.309874 -0.114868 -0.403738 0.317113 -0.116006 0.233240 0.247072 -0.122823 0.314341 0.173040 -0.124442 0.421033 0.170173 -0.124942 0.501483 0.220462 -0.132565 0.421473 0.288712 -0.122842 0.317911 0.289643 -0.120596 -0.193592 0.940057 -0.052844 -0.112550 0.931221 -0.049649 -0.012627 0.898073 -0.045982 0.033193 0.892955 -0.045884 0.117329 0.892317 -0.047737 0.220396 0.926230 -0.053442 0.303436 0.924805 -0.062571 0.224002 0.992610 -0.042728 0.141689 1.030229 -0.035241 0.033281 1.029831 -0.033309 -0.035530 1.040250 -0.031792 -0.115464 1.001625 -0.038880 -0.157822 0.940181 -0.054094 -0.010318 0.945917 -0.045702 0.049739 0.940935 -0.044350 0.114731 0.940131 -0.047010 0.268915 0.926582 -0.061664 0.114731 0.940131 -0.047010 0.049739 0.940935 -0.044350 -0.010318 0.945917 -0.045702
-0.800948 0.100195 -0.197256 -0.759569 0.307289 -0.178321 -0.683531 0.478468 -0.162323 -0.617836 0.659460 -0.142326 -0.564626 0.824202 -0.115049 -0.450970 1.019915 -0.090954 -0.318111 1.121515 -0.059027 -0.152466 1.256741 -0.035921 0.047611 1.288408 -0.026888 0.276488 1.243200 -0.042639 0.408470 1.098064 -0.072210 0.493645 0.986359 -0.097807 0.591878 0.819976 -0.132711 0.660514 0.644720 -0.154367 0.676479 0.468557 -0.176150 0.731969 0.282431 -0.191994 0.771778 0.071769 -0.213154 -0.616751 0.054611 -0.148442 -0.510145 0.009045 -0.141320 -0.407238 0.003904 -0.135999 -0.301743 0.040254 -0.130943 -0.201086 0.066984 -0.127089 0.206923 0.055021 -0.132548 0.310157 0.021701 -0.135771 0.436044 -0.022840 -0.143553 0.541978 -0.021702 -0.150115 0.646958 0.009943 -0.161368 -0.023087 0.349634 -0.113092 0.015797 0.464880 -0.090999 0.054680 0.580126 -0.068906 0.052063 0.685241 -0.061007 -0.106059 0.732402 -0.067772 -0.022340 0.762137 -0.065170 0.058929 0.755642 -0.066335 0.101473 0.753251 -0.070267 0.147784 0.725625 -0.070824 -0.482749 0.253722 -0.124876 -0.405034 0.192991 -0.122810 -0.299630 0.191367 -0.122098 -0.196349 0.260324 -0.123382 -0.296877 0.306364 -0.114851 -0.402935 0.314481 -0.116800 0.232727 0.241228 -0.121150 0.315019 0.168406 -0.124789 0.419543 0.169185 -0.127829 0.503620 0.220991 -0.133722 0.419376 0.286448 -0.122888 0.317212 0.286941 -0.122696 -0.191813 0.934441 -0.051269 -0.113338 0.930304 -0.051304 -0.013034 0.890305 -0.047775 0.039490 0.889698 -0.047383 0.121834 0.890225 -0.047782 0.219661 0.924203 -0.056668 0.302621 0.920592 -0.064373 0.216735 0.990583 -0.045215 0.146705 1.028137 -0.035364 0.037453 1.026573 -0.033171 -0.034730 1.032482 -0.033848 -0.117425 1.000708 -0.040933 -0.158745 0.939264 -0.056562 -0.011511 0.938149 -0.046052 0.047610 0.937678 -0.047284 0.117014 0.938039 -0.047238 0.269529 0.924555 -0.062621 0.117014 0.938039 -0.047238 0.047610 0.937678 -0.047284 -0.011511 0.938149 -0.046052
-0.800966 0.096990 -0.197153 -0.759466 0.304431 -0.177862 -0.683678 0.475692 -0.161247 -0.618816 0.656925 -0.141377 -0.565169 0.821850 -0.114534 -0.451664 1.016437 -0.089506 -0.318167 1.118946 -0.058312 -0.152095 1.254412 -0.034979 0.047541 1.285929 -0.025819 0.275856 1.240648 -0.041997 0.407809 1.095302 -0.071338 0.493281 0.984197 -0.097941 0.591232 0.818661 -0.132399 0.660618 0.642694 -0.155613 0.676780 0.467214 -0.176892 0.732111 0.280727 -0.193561 0.771939 0.070133 -0.214760 -0.614942 0.049747 -0.148135 -0.508393 0.005696 -0.141537 -0.405489 -0.000926 -0.136456 -0.299935 0.035873 -0.131504 -0.198453 0.063108 -0.127964 0.209175 0.051642 -0.133642 0.312172 0.017614 -0.137242 0.438776 -0.026636 -0.145174 0.543895 -0.024703 -0.152034 0.648515 0.006991 -0.162540 -0.021439 0.345375 -0.112787 0.017575 0.461079 -0.091296 0.056590 0.576784 -0.069804 0.054336 0.682005 -0.060890 -0.104623 0.728769 -0.068390 -0.021315 0.758419 -0.065625 0.060166 0.752453 -0.066095 0.103392 0.750229 -0.070179 0.149433 0.721861 -0.071947 -0.480909 0.249355 -0.125116 -0.402338 0.189523 -0.122689 -0.296931 0.187293 -0.122713 -0.193888 0.256427 -0.123664 -0.294630 0.302631 -0.115328 -0.400798 0.310438 -0.116970 0.235015 0.238630 -0.123159 0.317157 0.165607 -0.126444 0.422120 0.165391 -0.128988 0.505066 0.217166 -0.135312 0.421891 0.283124 -0.124520 0.319419 0.283518 -0.123713 -0.192805 0.929987 -0.051885 -0.112889 0.924938 -0.051118 -0.012331 0.887035 -0.047485 0.038919 0.885137 -0.047204 0.121863 0.885504 -0.048042 0.221520 0.919474 -0.056283 0.304488 0.916375 -0.064526 0.219465 0.985854 -0.045133 0.146269 1.023416 -0.035580 0.037083 1.022012 -0.033324 -0.034226 1.029212 -0.033445 -0.116796 0.995343 -0.040616 -0.158696 0.933899 -0.056364 -0.010617 0.934879 -0.046269 0.049160 0.933117 -0.046879 0.117731 0.933318 -0.047478 0.271248 0.919826 -0.063235 0.117731 0.933318 -0.047478 0.049160 0.933117 -0.046879 -0.010617 0.934879 -0.046269
-0.800692 0.093506 -0.197013 -0.759390 0.301184 -0.177315 -0.683836 0.472544 -0.160360 -0.619373 0.654055 -0.140292 -0.565801 0.819193 -0.113262 -0.452002 1.013643 -0.087946 -0.318190 1.116173 -0.056856 -0.151860 1.251547 -0.033680 0.047869 1.283232 -0.024826 0.276160 1.238214 -0.041511 0.407976 1.093030 -0.071288 0.493316 0.982193 -0.098385 0.591162 0.816732 -0.133261 0.660632 0.640754 -0.156990 0.676971 0.465170 -0.178597 0.732602 0.278530 -0.195831 0.772719 0.067897 -0.217592 -0.612679 0.044756 -0.148386 -0.505730 0.000725 -0.141933 -0.402606 -0.006135 -0.137131 -0.296946 0.030698 -0.132313 -0.195385 0.057928 -0.128902 0.212315 0.046864 -0.135380 0.315274 0.012969 -0.139212 0.441808 -0.030967 -0.147410 0.546693 -0.028726 -0.154469 0.651111 0.003227 -0.165176 -0.019419 0.341133 -0.113681 0.019915 0.456651 -0.091925 0.059250 0.572170 -0.070169 0.057011 0.677381 -0.060937 -0.102587 0.724633 -0.068239 -0.019214 0.754274 -0.065421 0.062323 0.748296 -0.066070 0.105638 0.746181 -0.070363 0.151631 0.717920 -0.072371 -0.478641 0.244633 -0.125329 -0.399720 0.184775 -0.123037 -0.294337 0.182583 -0.123302 -0.191490 0.251847 -0.124240 -0.292144 0.298029 -0.115686 -0.398376 0.305802 -0.117167 0.237479 0.234480 -0.124696 0.319792 0.161344 -0.128177 0.424841 0.161115 -0.130873 0.507493 0.213188 -0.137374 0.424469 0.279075 -0.126287 0.322057 0.279242 -0.125307 -0.191725 0.926278 -0.051386 -0.111611 0.921335 -0.050538 -0.010734 0.883612 -0.046938 0.040462 0.881781 -0.046725 0.123578 0.882139 -0.047736 0.223260 0.916247 -0.056249 0.305835 0.913132 -0.064889 0.221127 0.982627 -0.045330 0.147934 1.020051 -0.035586 0.038567 1.018657 -0.033134 -0.032816 1.025789 -0.033178 -0.115615 0.991740 -0.040216 -0.157375 0.930296 -0.056002 -0.009086 0.931456 -0.045987 0.050813 0.929761 -0.046656 0.119325 0.929953 -0.047457 0.272674 0.916599 -0.063625 0.119325 0.929953 -0.047457 0.050813 0.929761 -0.046656 -0.009086 0.931456 -0.045987
-0.800618 0.089757 -0.196673 -0.759490 0.297709 -0.176607 -0.684186 0.469211 -0.159311 -0.620114 0.651048 -0.139030 -0.566546 0.816491 -0.111849 -0.452354 1.010884 -0.086283 -0.318087 1.113570 -0.055370 -0.151369 1.249019 -0.032515 0.048532 1.281040 -0.024135 0.276751 1.236258 -0.041453 0.408251 1.091047 -0.071728 0.493372 0.980308 -0.099437 0.591086 0.814910 -0.134770 0.660676 0.638834 -0.159062 0.677186 0.463141 -0.180995 0.733124 0.276290 -0.198849 0.773516 0.065637 -0.221210 -0.610111 0.039386 -0.148491 -0.502687 -0.004582 -0.142242 -0.399305 -0.011728 -0.137750 -0.293478 0.025209 -0.133121 -0.191762 0.052456 -0.129896 0.216063 0.041762 -0.137331 0.318969 0.007984 -0.141447 0.445428 -0.035618 -0.149993 0.550022 -0.033032 -0.157354 0.654172 -0.000796 -0.168308 -0.016872 0.336556 -0.114704 0.022817 0.451968 -0.092674 0.062506 0.567381 -0.070645 0.060298 0.672615 -0.061093 -0.100022 0.720461 -0.068040 -0.016601 0.750089 -0.065164 0.064945 0.744093 -0.066047 0.108364 0.742123 -0.070601 0.154248 0.713956 -0.072900 -0.475965 0.239646 -0.125423 -0.396660 0.179715 -0.123242 -0.291279 0.177614 -0.123827 -0.188642 0.247034 -0.124798 -0.289214 0.293197 -0.115996 -0.395507 0.300925 -0.117268 0.240402 0.230158 -0.126457 0.322899 0.156854 -0.130148 0.428078 0.156638 -0.133031 0.510394 0.209022 -0.139804 0.427594 0.274899 -0.128344 0.325206 0.274803 -0.127103 -0.189462 0.923547 -0.050492 -0.109371 0.918588 -0.049599 -0.008490 0.880998 -0.046155 0.042443 0.879349 -0.046027 0.125632 0.879706 -0.047316 0.224987 0.914152 -0.056180 0.306859 0.910990 -0.065259 0.223050 0.980532 -0.045582 0.150052 1.017618 -0.035659 0.040654 1.016225 -0.032967 -0.030740 1.023175 -0.032870 -0.113541 0.988992 -0.039594 -0.154931 0.927548 -0.055241 -0.006855 0.928841 -0.045543 0.052969 0.927329 -0.046305 0.121196 0.927520 -0.047406 0.273741 0.914504 -0.064000 0.121196 0.927520 -0.047406 0.052969 0.927329 -0.046305 -0.006855 0.928841 -0.045543
-0.800363 0.086205 -0.195824 -0.759496 0.294384 -0.175496 -0.684473 0.466031 -0.157925 -0.620775 0.648166 -0.137415 -0.567218 0.813933 -0.110124 -0.452675 1.008325 -0.084415 -0.317943 1.111202 -0.053793 -0.150847 1.246759 -0.031420 0.049189 1.279214 -0.023690 0.277234 1.234799 -0.041668 0.408316 1.089634 -0.072451 0.493167 0.978967 -0.100770 0.590774 0.813670 -0.136526 0.660530 0.637471 -0.161327 0.677265 0.461750 -0.183609 0.733537 0.274750 -0.201996 0.774244 0.064137 -0.224875 -0.607044 0.034350 -0.148282 -0.499126 -0.009589 -0.142345 -0.395498 -0.016933 -0.138190 -0.289523 0.020205 -0.133786 -0.187668 0.047522 -0.130776 0.220225 0.037271 -0.139265 0.323070 0.003659 -0.143664 0.449422 -0.039617 -0.152587 0.553686 -0.036680 -0.160287 0.657447 -0.004064 -0.171406 -0.013964 0.332386 -0.115895 0.026052 0.447762 -0.093629 0.066069 0.563137 -0.071364 0.063880 0.668429 -0.061540 -0.097120 0.716863 -0.067852 -0.013686 0.746471 -0.064986 0.067746 0.740516 -0.066147 0.111200 0.738762 -0.070967 0.156918 0.710694 -0.073505 -0.472831 0.235054 -0.125249 -0.393163 0.175069 -0.123202 -0.287820 0.173119 -0.124118 -0.185398 0.242699 -0.125156 -0.285894 0.288800 -0.116118 -0.392182 0.296485 -0.117150 0.243625 0.226489 -0.128127 0.326300 0.153071 -0.132043 0.431598 0.152900 -0.135147 0.513562 0.205603 -0.142182 0.431010 0.271478 -0.130365 0.328631 0.271100 -0.128834 -0.186077 0.921770 -0.049131 -0.106181 0.916667 -0.048458 -0.005890 0.879043 -0.045379 0.044538 0.877686 -0.045366 0.127564 0.878179 -0.046982 0.226009 0.913378 -0.056127 0.307032 0.910136 -0.065396 0.224535 0.979758 -0.045659 0.152056 1.016091 -0.035592 0.043002 1.014562 -0.032643 -0.028142 1.021221 -0.032350 -0.110639 0.987071 -0.038625 -0.151457 0.925627 -0.053979 -0.004126 0.926887 -0.044984 0.055245 0.925666 -0.045897 0.122879 0.925993 -0.047293 0.273923 0.913730 -0.064121 0.122879 0.925993 -0.047293 0.055245 0.925666 -0.045897 -0.004126 0.926887 -0.044984
-0.799123 0.083658 -0.194410 -0.758996 0.291747 -0.173827 -0.684170 0.463509 -0.156380 -0.620435 0.645743 -0.135312 -0.567611 0.811668 -0.107350 -0.452575 1.006846 -0.082161 -0.317824 1.108636 -0.051311 -0.150835 1.243527 -0.029714 0.049570 1.276459 -0.023029 0.277885 1.233014 -0.041555 0.408763 1.088967 -0.073470 0.492982 0.978490 -0.101665 0.590717 0.812596 -0.138459 0.659938 0.637045 -0.162513 0.676947 0.460792 -0.186039 0.734019 0.274195 -0.204452 0.775384 0.063569 -0.228079 -0.603333 0.030851 -0.148336 -0.494634 -0.014697 -0.142485 -0.390610 -0.020775 -0.138657 -0.284610 0.016154 -0.134426 -0.183600 0.043030 -0.131293 0.224557 0.033358 -0.141362 0.327602 0.000827 -0.145844 0.453077 -0.042133 -0.155048 0.557596 -0.039419 -0.162847 0.660998 -0.006083 -0.174671 -0.011256 0.329735 -0.118251 0.029189 0.444377 -0.095047 0.069633 0.559020 -0.071843 0.067145 0.664330 -0.062500 -0.094218 0.713977 -0.067113 -0.010285 0.743625 -0.064510 0.070801 0.737267 -0.066746 0.113553 0.735703 -0.071784 0.159405 0.708515 -0.073468 -0.469390 0.231593 -0.124779 -0.389847 0.170879 -0.123504 -0.284785 0.169596 -0.124058 -0.182532 0.239164 -0.125441 -0.282643 0.285018 -0.115788 -0.388778 0.292955 -0.116799 0.246501 0.223015 -0.128669 0.329635 0.149783 -0.133371 0.434538 0.150550 -0.137387 0.517134 0.203878 -0.144146 0.433778 0.269011 -0.131855 0.331831 0.268373 -0.130546 -0.181539 0.919628 -0.046941 -0.102698 0.915551 -0.047573 -0.003196 0.875876 -0.045055 0.047960 0.876006 -0.045191 0.130298 0.877032 -0.046743 0.225981 0.913207 -0.056670 0.306418 0.909221 -0.065422 0.224014 0.979587 -0.045649 0.155005 1.014944 -0.035014 0.046349 1.012881 -0.031717 -0.025140 1.018053 -0.031720 -0.107847 0.985955 -0.037620 -0.147686 0.924511 -0.052791 -0.001369 0.923719 -0.044318 0.056836 0.923986 -0.046042 0.124665 0.924846 -0.047005 0.273646 0.913559 -0.063803 0.124665 0.924846 -0.047005 0.056836 0.923986 -0.046042 -0.001369 0.923719 -0.044318
-0.800491 0.080563 -0.192689 -0.759006 0.289762 -0.172080 -0.684703 0.461821 -0.152987 -0.622909 0.644617 -0.132600 -0.567066 0.810681 -0.106302 -0.452775 1.002128 -0.078183 -0.316007 1.107883 -0.049697 -0.147247 1.243911 -0.027138 0.051749 1.275926 -0.019617 0.277540 1.231908 -0.039182 0.407389 1.086104 -0.069502 0.492802 0.976741 -0.101389 0.589674 0.814310 -0.135946 0.661709 0.635795 -0.165713 0.679087 0.462126 -0.186469 0.734434 0.273754 -0.206902 0.774753 0.063646 -0.229668 -0.600754 0.023936 -0.145311 -0.492807 -0.015448 -0.141289 -0.389335 -0.027278 -0.138016 -0.283229 0.011671 -0.134059 -0.178508 0.040778 -0.132318 0.228041 0.031642 -0.141475 0.330189 -0.004251 -0.146925 0.458571 -0.047166 -0.156651 0.560265 -0.041889 -0.165456 0.662892 -0.008734 -0.174225 -0.006831 0.322964 -0.115100 0.033302 0.440327 -0.094612 0.073434 0.557689 -0.074125 0.072163 0.663523 -0.061379 -0.090576 0.710997 -0.068430 -0.008704 0.740252 -0.065332 0.072603 0.736438 -0.064620 0.117882 0.735569 -0.069859 0.162481 0.705041 -0.075606 -0.465896 0.226602 -0.123774 -0.384227 0.168702 -0.120658 -0.278382 0.165483 -0.124044 -0.176772 0.235652 -0.124219 -0.278151 0.282134 -0.116107 -0.384363 0.289016 -0.115994 0.251657 0.223196 -0.132797 0.333812 0.149524 -0.135578 0.440491 0.146474 -0.137087 0.518989 0.198936 -0.145595 0.439889 0.266671 -0.133771 0.336297 0.265725 -0.130368 -0.180668 0.918523 -0.045923 -0.097892 0.908799 -0.044510 -0.000312 0.875312 -0.042615 0.044390 0.871189 -0.042841 0.127214 0.871594 -0.046197 0.227584 0.910038 -0.052790 0.308115 0.908551 -0.061858 0.230552 0.976418 -0.041614 0.150524 1.009506 -0.032657 0.044561 1.008064 -0.029640 -0.022392 1.017490 -0.027546 -0.101720 0.979203 -0.032865 -0.143095 0.917759 -0.047930 0.002486 0.923156 -0.042458 0.061311 0.919169 -0.041855 0.124330 0.919408 -0.045300 0.273397 0.910390 -0.061399 0.124330 0.919408 -0.045300 0.061311 0.919169 -0.041855 0.002486 0.923156 -0.042458
-0.803451 0.077547 -0.190742 -0.759391 0.288455 -0.170245 -0.685731 0.461001 -0.148623 -0.626944 0.644613 -0.129606 -0.566289 0.810990 -0.106257 -0.452985 0.996411 -0.073383 -0.313015 1.108789 -0.048637 -0.141648 1.246943 -0.023916 0.054872 1.277093 -0.014749 0.276665 1.231937 -0.035822 0.405303 1.082803 -0.063199 0.492822 0.974971 -0.100772 0.588165 0.818116 -0.131535 0.664950 0.634846 -0.170549 0.682709 0.465202 -0.186495 0.734981 0.273954 -0.209943 0.773507 0.064524 -0.231016 -0.598837 0.015579 -0.140422 -0.492524 -0.013647 -0.139211 -0.389839 -0.034841 -0.136504 -0.283563 0.007405 -0.133113 -0.172762 0.040060 -0.133653 0.231663 0.031355 -0.140933 0.332282 -0.010128 -0.147625 0.465287 -0.053193 -0.158125 0.562710 -0.043934 -0.168526 0.664252 -0.011416 -0.172244 -0.001035 0.314337 -0.109471 0.038234 0.436363 -0.093525 0.077503 0.558388 -0.077578 0.078370 0.664981 -0.059308 -0.086463 0.708453 -0.071063 -0.008018 0.737218 -0.067081 0.073886 0.737327 -0.061384 0.123488 0.737530 -0.066723 0.166095 0.701552 -0.079176 -0.462308 0.221207 -0.122434 -0.377389 0.168061 -0.116123 -0.270266 0.161202 -0.124054 -0.169669 0.232462 -0.122303 -0.273090 0.280197 -0.116724 -0.379280 0.285328 -0.114795 0.258164 0.225885 -0.138985 0.338669 0.151192 -0.138404 0.448286 0.142165 -0.135788 0.520186 0.192720 -0.147138 0.448041 0.264829 -0.136160 0.341720 0.263553 -0.129533 -0.182058 0.918207 -0.045485 -0.092471 0.899870 -0.040320 0.002905 0.877002 -0.039290 0.037477 0.865417 -0.039784 0.121359 0.864561 -0.045690 0.230109 0.906105 -0.046963 0.311446 0.908592 -0.056572 0.241149 0.972485 -0.035442 0.142534 1.002473 -0.029452 0.040164 1.002292 -0.026780 -0.019440 1.019180 -0.021299 -0.093612 0.970275 -0.026092 -0.138312 0.908830 -0.041088 0.007033 0.924846 -0.040015 0.067486 0.913397 -0.035492 0.123100 0.912375 -0.043077 0.273645 0.906457 -0.058073 0.123100 0.912375 -0.043077 0.067486 0.913397 -0.035492 0.007033 0.924846 -0.040015
-0.803088 0.076990 -0.189121 -0.759191 0.288047 -0.168353 -0.685753 0.461027 -0.146613 -0.627189 0.644808 -0.127262 -0.566334 0.811198 -0.103543 -0.452669 0.996610 -0.070358 -0.312116 1.108586 -0.045800 -0.140557 1.246214 -0.021034 0.055972 1.276275 -0.012588 0.277485 1.232042 -0.034750 0.406066 1.083767 -0.063222 0.493322 0.976612 -0.101512 0.588497 0.819855 -0.132868 0.665309 0.636457 -0.172626 0.683425 0.466752 -0.189042 0.735966 0.275462 -0.212810 0.774861 0.066032 -0.234322 -0.595676 0.013257 -0.139379 -0.488820 -0.016279 -0.138605 -0.385707 -0.037547 -0.136342 -0.279424 0.004904 -0.133207 -0.168487 0.037605 -0.134038 0.235914 0.029409 -0.142734 0.336600 -0.011801 -0.149604 0.469411 -0.054668 -0.160376 0.566559 -0.045195 -0.171003 0.667674 -0.011958 -0.174544 0.002503 0.312704 -0.111211 0.041889 0.434666 -0.094945 0.081276 0.556629 -0.078678 0.082108 0.663638 -0.060014 -0.083377 0.707800 -0.070986 -0.004809 0.736512 -0.067198 0.076813 0.736909 -0.061819 0.126306 0.737576 -0.067296 0.168936 0.701562 -0.079742 -0.459172 0.219120 -0.121362 -0.373764 0.165875 -0.115436 -0.266532 0.159056 -0.123631 -0.166396 0.230562 -0.122018 -0.269887 0.278295 -0.116178 -0.375852 0.283383 -0.113888 0.261665 0.224849 -0.140015 0.342425 0.150161 -0.139697 0.452160 0.141119 -0.137435 0.523852 0.192080 -0.148810 0.451592 0.264039 -0.137478 0.345434 0.262488 -0.130720 -0.178878 0.917592 -0.043467 -0.088756 0.898984 -0.039320 0.005674 0.875854 -0.039075 0.039461 0.864515 -0.039873 0.122753 0.864205 -0.046094 0.230354 0.906872 -0.047115 0.312151 0.909188 -0.055776 0.242176 0.973252 -0.034008 0.143823 1.002117 -0.027707 0.042446 1.001391 -0.024641 -0.016051 1.018032 -0.019023 -0.089871 0.969389 -0.023774 -0.134855 0.907945 -0.039092 0.010114 0.923698 -0.039034 0.069637 0.912495 -0.034766 0.124450 0.912019 -0.042432 0.274118 0.907224 -0.057282 0.124450 0.912019 -0.042432 0.069637 0.912495 -0.034766 0.010114 0.923698 -0.039034
-0.799580 0.078459 -0.187947 -0.758557 0.288120 -0.166623 -0.684905 0.461365 -0.147227 -0.623720 0.644682 -0.125962 -0.567345 0.810965 -0.098761 -0.451954 1.002503 -0.069923 -0.313478 1.107417 -0.042081 -0.144114 1.242315 -0.019628 0.054987 1.274290 -0.014258 0.279986 1.232687 -0.036886 0.409597 1.088899 -0.070158 0.494213 0.981103 -0.104006 0.590550 0.818821 -0.140158 0.662719 0.639878 -0.171917 0.681076 0.466023 -0.193946 0.737194 0.277517 -0.215292 0.778534 0.067399 -0.239280 -0.591782 0.016933 -0.142147 -0.482294 -0.023252 -0.139351 -0.377600 -0.035306 -0.137301 -0.271415 0.004254 -0.134125 -0.166271 0.033514 -0.133221 0.240345 0.025706 -0.146441 0.342657 -0.009425 -0.152407 0.470479 -0.051786 -0.162959 0.571389 -0.045885 -0.172484 0.672770 -0.010725 -0.180831 0.003321 0.317992 -0.119850 0.043820 0.435242 -0.098438 0.084320 0.552492 -0.077027 0.082990 0.659462 -0.063196 -0.081651 0.708912 -0.068067 0.000539 0.738002 -0.065496 0.081071 0.734910 -0.065689 0.126085 0.735315 -0.071353 0.170702 0.704761 -0.077170 -0.456910 0.220401 -0.120587 -0.373860 0.162226 -0.118501 -0.267715 0.159109 -0.122654 -0.167371 0.229976 -0.123272 -0.268949 0.276436 -0.114406 -0.374533 0.283219 -0.113294 0.261741 0.219953 -0.135675 0.344616 0.146197 -0.139200 0.451628 0.143187 -0.141707 0.529503 0.196736 -0.150394 0.450168 0.264132 -0.137541 0.346981 0.262435 -0.133688 -0.171303 0.917525 -0.040336 -0.087207 0.907024 -0.041558 0.007782 0.873026 -0.041813 0.050336 0.869676 -0.042885 0.131503 0.871506 -0.047176 0.228669 0.912917 -0.053273 0.310152 0.910866 -0.059993 0.233889 0.979297 -0.038093 0.154698 1.009418 -0.028258 0.051380 1.006551 -0.024141 -0.012666 1.015203 -0.021603 -0.090991 0.977429 -0.026671 -0.132979 0.915984 -0.042386 0.011412 0.920870 -0.039766 0.067729 0.917656 -0.039894 0.128507 0.919320 -0.043648 0.274844 0.913269 -0.059548 0.128507 0.919320 -0.043648 0.067729 0.917656 -0.039894 0.011412 0.920870 -0.039766
-0.798321 0.078838 -0.187521 -0.758994 0.287827 -0.165969 -0.685341 0.461332 -0.148146 -0.622457 0.644558 -0.126020 -0.568555 0.811099 -0.097100 -0.452284 1.006790 -0.071225 -0.314899 1.108283 -0.041695 -0.146569 1.242684 -0.021171 0.054471 1.276581 -0.017808 0.281698 1.235829 -0.040841 0.411732 1.093571 -0.076852 0.494757 0.984560 -0.107882 0.591717 0.818461 -0.146633 0.661053 0.641766 -0.173255 0.679567 0.465387 -0.198272 0.737919 0.278377 -0.218165 0.780637 0.067845 -0.243564 -0.589997 0.019081 -0.143525 -0.478754 -0.027276 -0.139317 -0.373114 -0.033892 -0.137436 -0.266817 0.003944 -0.134209 -0.164907 0.031284 -0.132351 0.243091 0.023474 -0.148368 0.346417 -0.008123 -0.153962 0.471460 -0.050154 -0.164386 0.574510 -0.046397 -0.173354 0.676098 -0.010169 -0.184859 0.003919 0.321734 -0.124704 0.045163 0.436267 -0.100254 0.086406 0.550799 -0.075804 0.083699 0.657915 -0.064994 -0.080601 0.710607 -0.066560 0.003842 0.739796 -0.064668 0.083757 0.734617 -0.068159 0.126155 0.734758 -0.074091 0.171987 0.707490 -0.076067 -0.455972 0.221313 -0.119933 -0.374093 0.160099 -0.119976 -0.268389 0.159427 -0.121774 -0.167830 0.229939 -0.123879 -0.268479 0.275506 -0.113219 -0.374056 0.283255 -0.112858 0.262004 0.217149 -0.133241 0.346140 0.143828 -0.139038 0.451651 0.144307 -0.144314 0.533192 0.199566 -0.151651 0.449544 0.264431 -0.137830 0.348125 0.262677 -0.135496 -0.166980 0.920800 -0.039962 -0.086723 0.914752 -0.043686 0.008946 0.875360 -0.043828 0.056916 0.877048 -0.044973 0.137081 0.879989 -0.048498 0.228842 0.919369 -0.058068 0.309474 0.914726 -0.064602 0.230004 0.985748 -0.042780 0.161992 1.017900 -0.030533 0.057061 1.013924 -0.025899 -0.010981 1.017537 -0.025108 -0.092191 0.985156 -0.030214 -0.132139 0.923712 -0.045854 0.012042 0.923204 -0.041259 0.066896 0.925028 -0.044008 0.131510 0.927802 -0.045580 0.275904 0.919720 -0.063064 0.131510 0.927802 -0.045580 0.066896 0.925028 -0.044008 0.012042 0.923204 -0.041259
-0.800204 0.077280 -0.188057 -0.760438 0.286773 -0.166753 -0.687074 0.460580 -0.148882 -0.624517 0.644360 -0.127579 -0.569918 0.811852 -0.099926 -0.453754 1.007742 -0.074065 -0.315645 1.111983 -0.045678 -0.146646 1.249170 -0.025677 0.054564 1.284210 -0.022569 0.281549 1.242185 -0.046065 0.411293 1.096954 -0.081202 0.494657 0.986358 -0.112675 0.591193 0.820111 -0.150441 0.661493 0.642046 -0.177809 0.680059 0.465960 -0.201488 0.738142 0.278280 -0.221781 0.780712 0.067726 -0.246800 -0.590679 0.017697 -0.142408 -0.479489 -0.026768 -0.138303 -0.373721 -0.034782 -0.136356 -0.267053 0.003768 -0.133408 -0.163886 0.031833 -0.132098 0.244483 0.023684 -0.148210 0.347563 -0.008819 -0.154063 0.473369 -0.050862 -0.164756 0.575810 -0.046538 -0.174293 0.677203 -0.010560 -0.185602 0.005412 0.321684 -0.123745 0.046405 0.437300 -0.099939 0.087398 0.552916 -0.076134 0.084959 0.660328 -0.064704 -0.080099 0.712417 -0.067711 0.003924 0.741495 -0.065593 0.084092 0.736685 -0.068342 0.127403 0.736844 -0.074481 0.172923 0.709018 -0.077771 -0.456023 0.220932 -0.119729 -0.373425 0.160393 -0.118940 -0.267308 0.159249 -0.121546 -0.166750 0.230176 -0.123712 -0.267948 0.275844 -0.113325 -0.373683 0.283233 -0.112727 0.263456 0.218350 -0.134801 0.347412 0.144355 -0.140002 0.453579 0.144186 -0.144665 0.534066 0.199162 -0.152931 0.451452 0.265054 -0.139044 0.349525 0.263327 -0.135925 -0.168033 0.927524 -0.042909 -0.087190 0.920223 -0.044592 0.009178 0.884697 -0.044230 0.056177 0.885586 -0.045453 0.136985 0.887905 -0.049751 0.231225 0.925534 -0.059674 0.310872 0.921196 -0.068101 0.233668 0.991914 -0.046443 0.162594 1.025817 -0.034277 0.056819 1.022462 -0.029678 -0.011304 1.026875 -0.028174 -0.092188 0.990627 -0.033012 -0.132345 0.929183 -0.047817 0.012208 0.932541 -0.043097 0.068255 0.933566 -0.045281 0.132391 0.935719 -0.047950 0.277106 0.925886 -0.067019 0.132391 0.935719 -0.047950 0.068255 0.933566 -0.045281 0.012208 0.932541 -0.043097
-0.801218 0.075802 -0.189810 -0.761976 0.285199 -0.168719 -0.688777 0.459178 -0.151511 -0.625628 0.643544 -0.130740 -0.571758 0.812122 -0.103661 -0.455738 1.010271 -0.079319 -0.318238 1.115629 -0.051024 -0.149178 1.255555 -0.032463 0.053037 1.292678 -0.029960 0.281047 1.249469 -0.053279 0.410716 1.101722 -0.088091 0.493902 0.988718 -0.118228 0.590588 0.820743 -0.156002 0.660851 0.642559 -0.181307 0.679379 0.465607 -0.204977 0.738280 0.278107 -0.224853 0.781347 0.067303 -0.250016 -0.592085 0.018114 -0.143339 -0.480473 -0.027244 -0.138296 -0.374390 -0.033853 -0.136074 -0.267345 0.004680 -0.133156 -0.164689 0.032500 -0.131670 0.244870 0.023765 -0.148282 0.348010 -0.008037 -0.154041 0.473271 -0.049907 -0.164831 0.576456 -0.046104 -0.174462 0.677990 -0.010012 -0.187196 0.005172 0.324041 -0.124327 0.045994 0.439479 -0.099843 0.086816 0.554917 -0.075359 0.083815 0.662448 -0.065055 -0.081259 0.714895 -0.068429 0.003454 0.743957 -0.066266 0.083619 0.738364 -0.069661 0.126639 0.738248 -0.076006 0.172451 0.711620 -0.078645 -0.457074 0.221724 -0.120446 -0.374848 0.160396 -0.119619 -0.268712 0.160086 -0.121702 -0.167751 0.231079 -0.124448 -0.268869 0.276422 -0.113629 -0.374891 0.283895 -0.113548 0.262993 0.218642 -0.134846 0.347296 0.144259 -0.140335 0.453244 0.145266 -0.145616 0.534622 0.200557 -0.153901 0.450921 0.266283 -0.139633 0.349384 0.264665 -0.136812 -0.169467 0.935244 -0.046896 -0.090120 0.928857 -0.047175 0.007639 0.894756 -0.045715 0.056936 0.897213 -0.046843 0.138296 0.899182 -0.051322 0.233095 0.933722 -0.063426 0.311102 0.928562 -0.074052 0.233945 1.000102 -0.053134 0.165346 1.037094 -0.040134 0.057240 1.034088 -0.035625 -0.013488 1.036933 -0.034448 -0.095566 0.999262 -0.039031 -0.134898 0.937817 -0.052704 0.010031 0.942600 -0.046230 0.067198 0.945193 -0.048996 0.133386 0.946996 -0.051663 0.278146 0.934074 -0.072903 0.133386 0.946996 -0.051663 0.067198 0.945193 -0.048996 0.010031 0.942600 -0.046230
-0.805061 0.073602 -0.191813 -0.764008 0.284504 -0.171158 -0.691090 0.458839 -0.152709 -0.630141 0.643791 -0.133877 -0.574094 0.813137 -0.109656 -0.458703 1.008815 -0.082968 -0.319032 1.120813 -0.057692 -0.148945 1.265489 -0.038199 0.052086 1.303162 -0.035331 0.278843 1.257924 -0.058749 0.408413 1.104753 -0.090498 0.493483 0.990699 -0.123115 0.589264 0.824279 -0.157620 0.662069 0.642433 -0.187097 0.680773 0.467370 -0.206511 0.737506 0.277955 -0.227716 0.779652 0.067519 -0.251365 -0.595049 0.015473 -0.140820 -0.484651 -0.023547 -0.137089 -0.378865 -0.035662 -0.134264 -0.271426 0.004772 -0.131749 -0.164993 0.034828 -0.131632 0.243824 0.027013 -0.146218 0.346326 -0.008385 -0.152606 0.474584 -0.050865 -0.163551 0.575480 -0.044942 -0.174248 0.676615 -0.010628 -0.184738 0.005494 0.321910 -0.119861 0.045678 0.440611 -0.098337 0.085862 0.559313 -0.076814 0.084264 0.666999 -0.063449 -0.082256 0.716906 -0.070643 0.000027 0.746083 -0.067804 0.081353 0.742456 -0.068092 0.127328 0.742240 -0.074540 0.171934 0.712319 -0.081343 -0.459285 0.220987 -0.120594 -0.375169 0.163007 -0.117456 -0.268384 0.160086 -0.121984 -0.167377 0.231918 -0.123719 -0.269764 0.278157 -0.114466 -0.375802 0.284609 -0.113192 0.263549 0.222926 -0.138048 0.346722 0.147637 -0.141377 0.454594 0.145056 -0.143787 0.532119 0.199013 -0.154424 0.452972 0.267459 -0.141051 0.349062 0.265901 -0.135894 -0.174869 0.942511 -0.051490 -0.092827 0.933613 -0.046967 0.006256 0.908532 -0.044933 0.050527 0.906175 -0.046350 0.133269 0.906787 -0.051934 0.234282 0.939601 -0.062059 0.312129 0.935898 -0.075669 0.240811 1.005980 -0.054742 0.160432 1.044699 -0.043556 0.052046 1.043050 -0.039129 -0.016222 1.050709 -0.035820 -0.096644 1.004017 -0.040516 -0.136156 0.942573 -0.053397 0.009553 0.956376 -0.047816 0.068304 0.954154 -0.047830 0.131042 0.954601 -0.053344 0.277133 0.939952 -0.076075 0.131042 0.954601 -0.053344 0.068304 0.954154 -0.047830 0.009553 0.956376 -0.047816
-0.809851 0.072157 -0.193489 -0.766067 0.285057 -0.173242 -0.693273 0.459828 -0.152867 -0.635389 0.645182 -0.136149 -0.576071 0.814807 -0.115235 -0.461305 1.005987 -0.084605 -0.318375 1.125815 -0.063126 -0.146986 1.275002 -0.041635 0.052010 1.312142 -0.037948 0.276611 1.264813 -0.061641 0.406237 1.106062 -0.089680 0.493818 0.991971 -0.126167 0.588258 0.828367 -0.156441 0.664174 0.641810 -0.192371 0.683029 0.469599 -0.206275 0.736458 0.277721 -0.229372 0.776985 0.067810 -0.251031 -0.598606 0.012304 -0.136957 -0.490007 -0.018207 -0.135453 -0.384788 -0.038203 -0.132003 -0.277085 0.004544 -0.129882 -0.165541 0.037513 -0.131610 0.241652 0.031191 -0.143304 0.343392 -0.009177 -0.150485 0.475806 -0.052672 -0.161561 0.573404 -0.043849 -0.173546 0.673992 -0.011926 -0.180300 0.005631 0.317818 -0.113670 0.045169 0.440797 -0.096286 0.084706 0.563775 -0.078902 0.085276 0.671602 -0.060945 -0.083063 0.718274 -0.072832 -0.004260 0.747552 -0.069196 0.078540 0.746886 -0.065147 0.128478 0.746595 -0.071552 0.171390 0.711737 -0.084041 -0.462138 0.219958 -0.120192 -0.375344 0.166608 -0.114116 -0.267687 0.159765 -0.122055 -0.166841 0.232675 -0.122170 -0.270950 0.280216 -0.115166 -0.376856 0.285392 -0.112026 0.264063 0.228193 -0.141785 0.345642 0.151981 -0.142204 0.456105 0.144127 -0.140585 0.528261 0.196156 -0.154185 0.455554 0.268100 -0.142181 0.348323 0.266627 -0.133887 -0.181117 0.947680 -0.055101 -0.094657 0.934747 -0.045160 0.005367 0.922378 -0.042997 0.041934 0.913576 -0.044782 0.126013 0.912265 -0.051678 0.234741 0.943440 -0.057990 0.313443 0.941147 -0.074190 0.249588 1.008423 -0.052854 0.152580 1.047031 -0.044409 0.045203 1.045699 -0.040025 -0.018509 1.062633 -0.033790 -0.096207 1.004307 -0.038932 -0.136345 0.944080 -0.051508 0.009847 0.969414 -0.048044 0.069151 0.960045 -0.044156 0.127113 0.957780 -0.052750 0.275442 0.942852 -0.076641 0.127803 0.958674 -0.053623 0.071501 0.958682 -0.044018 0.010596 0.967933 -0.047895
-0.814046 0.071449 -0.195230 -0.767731 0.286052 -0.175281 -0.694714 0.461372 -0.153285 -0.639529 0.647065 -0.138029 -0.577234 0.816573 -0.119909 -0.462995 1.003465 -0.085479 -0.317189 1.129513 -0.067133 -0.144667 1.281779 -0.043771 0.052465 1.317927 -0.038859 0.275159 1.268821 -0.062832 0.405154 1.105966 -0.087756 0.494976 0.992175 -0.127577 0.588221 0.831249 -0.154015 0.666744 0.640693 -0.195513 0.685620 0.471088 -0.204706 0.736017 0.277186 -0.229348 0.774738 0.067476 -0.249215 -0.601856 0.009838 -0.133720 -0.494801 -0.013100 -0.134251 -0.390312 -0.040037 -0.130301 -0.282595 0.004388 -0.128160 -0.166644 0.039752 -0.131373 0.238807 0.035062 -0.140477 0.340210 -0.009530 -0.148128 0.476291 -0.054163 -0.159354 0.570901 -0.043039 -0.172292 0.671147 -0.013274 -0.175590 0.005242 0.313682 -0.107658 0.044278 0.440389 -0.093988 0.083313 0.567096 -0.080318 0.085985 0.675041 -0.058312 -0.083974 0.718839 -0.074491 -0.008199 0.748242 -0.070164 0.075989 0.750284 -0.062233 0.129497 0.749754 -0.068478 0.170924 0.710316 -0.086017 -0.465039 0.219276 -0.119782 -0.375907 0.169811 -0.111143 -0.267341 0.159466 -0.122159 -0.166619 0.233241 -0.120785 -0.272374 0.281913 -0.115844 -0.378336 0.285937 -0.110953 0.263983 0.232385 -0.144624 0.344303 0.155557 -0.142359 0.457041 0.143022 -0.137248 0.524562 0.193319 -0.153259 0.457622 0.268054 -0.142440 0.347236 0.266808 -0.131525 -0.187533 0.950009 -0.058291 -0.096499 0.936178 -0.043743 0.004783 0.924643 -0.041394 0.034547 0.906361 -0.043246 0.119761 0.905029 -0.051321 0.235910 0.939187 -0.053762 0.315823 0.943082 -0.072115 0.257725 1.008259 -0.050408 0.145440 1.051173 -0.044259 0.039192 1.057927 -0.039988 -0.020687 1.070785 -0.031206 -0.096108 1.007368 -0.037152 -0.137273 0.942784 -0.049986 0.012201 0.975129 -0.047615 0.075524 0.960002 -0.040191 0.126353 0.961401 -0.054240 0.275440 0.941847 -0.076255 0.122905 0.954756 -0.050913 0.069221 0.961817 -0.040921 0.009267 0.978084 -0.048502
-0.811943 0.072797 -0.197287 -0.767801 0.285640 -0.177116 -0.694237 0.460788 -0.156913 -0.635937 0.646762 -0.140460 -0.576379 0.816667 -0.120383 -0.462066 1.008603 -0.089752 -0.319598 1.129656 -0.068443 -0.147999 1.281146 -0.047314 0.051524 1.319099 -0.042867 0.277027 1.269945 -0.065719 0.407477 1.108508 -0.092562 0.495795 0.992529 -0.127972 0.590173 0.828059 -0.157216 0.666381 0.640516 -0.191965 0.684754 0.468133 -0.204865 0.737896 0.276338 -0.227538 0.777793 0.065953 -0.248831 -0.603194 0.014312 -0.138054 -0.494969 -0.015930 -0.135767 -0.390017 -0.035970 -0.131643 -0.282264 0.006618 -0.128788 -0.170508 0.039362 -0.130224 0.237350 0.032763 -0.140679 0.339429 -0.007748 -0.147376 0.472137 -0.051737 -0.158259 0.570382 -0.043381 -0.169931 0.671596 -0.011949 -0.176918 0.002209 0.318459 -0.111178 0.041569 0.442000 -0.093873 0.080929 0.565540 -0.076569 0.081548 0.673436 -0.058981 -0.086390 0.719918 -0.072845 -0.007470 0.749144 -0.068921 0.075813 0.748236 -0.064388 0.126252 0.747333 -0.070525 0.169294 0.712308 -0.083109 -0.466480 0.221902 -0.120902 -0.379960 0.168315 -0.114155 -0.272146 0.161534 -0.121870 -0.170535 0.234184 -0.121945 -0.274951 0.281688 -0.115216 -0.381339 0.286947 -0.112416 0.260796 0.228934 -0.139888 0.342553 0.152645 -0.139781 0.453184 0.144657 -0.138006 0.525690 0.196458 -0.151491 0.453003 0.268419 -0.139611 0.345269 0.267414 -0.131595 -0.186927 0.952015 -0.059989 -0.100009 0.939250 -0.047339 0.002259 0.914062 -0.043462 0.040284 0.900335 -0.044717 0.125370 0.900378 -0.051716 0.237535 0.935036 -0.058649 0.316096 0.943756 -0.077247 0.251326 1.017179 -0.056893 0.152582 1.068065 -0.048159 0.043068 1.075962 -0.044091 -0.022833 1.077255 -0.038046 -0.101836 1.021452 -0.044082 -0.142004 0.948388 -0.056395 0.008784 0.968183 -0.050429 0.079895 0.958028 -0.045755 0.128302 0.963127 -0.057803 0.278700 0.944784 -0.080114 0.126436 0.966209 -0.052161 0.057286 0.975470 -0.045813 0.004334 0.984488 -0.050187
-0.808600 0.073530 -0.199596 -0.767086 0.284352 -0.179227 -0.693203 0.459093 -0.160909 -0.631438 0.645375 -0.143363 -0.575081 0.815981 -0.121190 -0.460863 1.013750 -0.095129 -0.322437 1.129471 -0.070553 -0.151959 1.280608 -0.051865 0.050278 1.320836 -0.048131 0.278991 1.271685 -0.069398 0.409830 1.111455 -0.098257 0.496586 0.992898 -0.128663 0.592354 0.824521 -0.161164 0.666109 0.640364 -0.188354 0.684039 0.464867 -0.205404 0.740415 0.275320 -0.225906 0.781978 0.064520 -0.248772 -0.603990 0.018944 -0.143056 -0.494576 -0.019708 -0.137423 -0.388980 -0.031855 -0.133002 -0.281039 0.009048 -0.129609 -0.174004 0.038933 -0.129083 0.236829 0.029926 -0.140868 0.339412 -0.006160 -0.146646 0.468271 -0.049103 -0.157036 0.570765 -0.043625 -0.167334 0.673028 -0.010240 -0.178606 -0.000748 0.324005 -0.115432 0.038972 0.443994 -0.093951 0.078693 0.563984 -0.072470 0.076851 0.671756 -0.059973 -0.088714 0.720988 -0.071280 -0.006307 0.750055 -0.067736 0.076004 0.745691 -0.067080 0.122931 0.744597 -0.073117 0.167808 0.714657 -0.080019 -0.467194 0.224412 -0.122372 -0.383729 0.166426 -0.117739 -0.277043 0.163824 -0.121571 -0.174326 0.235097 -0.123303 -0.277042 0.281332 -0.114509 -0.383732 0.287979 -0.114261 0.258096 0.225304 -0.134684 0.341313 0.149552 -0.137087 0.449505 0.146657 -0.139052 0.527619 0.200197 -0.149766 0.448319 0.269195 -0.136750 0.343781 0.268345 -0.131933 -0.186060 0.954145 -0.062380 -0.104196 0.939277 -0.051626 -0.000750 0.902993 -0.045915 0.046853 0.896492 -0.046700 0.132136 0.897369 -0.052336 0.239746 0.931395 -0.064754 0.316682 0.944622 -0.083688 0.244174 1.030613 -0.064898 0.161102 1.088423 -0.053398 0.047492 1.092687 -0.049532 -0.025135 1.087823 -0.046702 -0.108280 1.037482 -0.052551 -0.147489 0.954920 -0.064006 0.003524 0.959333 -0.053797 0.082378 0.953823 -0.052257 0.129106 0.959950 -0.060374 0.282483 0.948826 -0.085269 0.132382 0.985564 -0.055975 0.046147 0.993744 -0.051797 -0.000043 0.993518 -0.052349
-0.805622 0.073281 -0.201748 -0.766073 0.282718 -0.181369 -0.692112 0.457075 -0.164349 -0.628027 0.643577 -0.146290 -0.574126 0.814877 -0.122871 -0.460187 1.016832 -0.100178 -0.324862 1.129257 -0.073377 -0.155269 1.280796 -0.056351 0.048931 1.322903 -0.053087 0.280066 1.273530 -0.072786 0.411337 1.113619 -0.102736 0.497263 0.992996 -0.129453 0.594145 0.821833 -0.164075 0.666264 0.639966 -0.185824 0.683934 0.462249 -0.205522 0.742678 0.274249 -0.224421 0.785552 0.063348 -0.248265 -0.604660 0.022223 -0.146688 -0.494571 -0.022351 -0.138490 -0.388504 -0.028824 -0.133649 -0.280348 0.011155 -0.129939 -0.176637 0.039086 -0.128037 0.236535 0.028333 -0.140293 0.339355 -0.004825 -0.145424 0.465571 -0.046916 -0.155353 0.571215 -0.043394 -0.164694 0.674286 -0.008793 -0.179136 -0.003262 0.328267 -0.118054 0.036727 0.445893 -0.093680 0.076717 0.563520 -0.069306 0.073102 0.671062 -0.060509 -0.090692 0.721883 -0.070318 -0.005928 0.750939 -0.066947 0.075798 0.744031 -0.069011 0.120395 0.742824 -0.074884 0.166533 0.716450 -0.077792 -0.467797 0.226257 -0.123615 -0.386615 0.165375 -0.120305 -0.280921 0.165739 -0.121288 -0.177244 0.236001 -0.124176 -0.278623 0.281381 -0.113955 -0.385427 0.288983 -0.115641 0.256220 0.223236 -0.130685 0.340365 0.147866 -0.134829 0.446801 0.148534 -0.139320 0.528890 0.203187 -0.148167 0.444934 0.270161 -0.134448 0.342611 0.269417 -0.131842 -0.186410 0.955504 -0.065137 -0.108407 0.936617 -0.055137 -0.003597 0.898782 -0.047868 0.051086 0.899615 -0.048386 0.136842 0.900079 -0.052872 0.241677 0.931178 -0.069518 0.317474 0.945145 -0.089002 0.239237 1.041548 -0.071452 0.167121 1.101465 -0.058151 0.050082 1.098182 -0.054442 -0.027501 1.097139 -0.053964 -0.113849 1.046936 -0.059604 -0.152478 0.959864 -0.070330 -0.002455 0.953953 -0.056404 0.079151 0.950921 -0.057005 0.128221 0.953789 -0.060512 0.285461 0.951985 -0.089831 0.137829 1.004287 -0.061425 0.042270 1.007844 -0.056709 -0.002472 1.000445 -0.054596
-0.804721 0.072056 -0.203393 -0.765267 0.281591 -0.183396 -0.691258 0.455931 -0.166506 -0.627406 0.642498 -0.148735 -0.573889 0.814048 -0.125831 -0.460392 1.016013 -0.103213 -0.325694 1.128990 -0.076403 -0.156390 1.281294 -0.059090 0.047988 1.323538 -0.055323 0.279585 1.273717 -0.073960 0.411475 1.113161 -0.103170 0.498059 0.992058 -0.129446 0.595281 0.820944 -0.163521 0.667555 0.639076 -0.184709 0.685275 0.461302 -0.203937 0.744044 0.273227 -0.222451 0.786823 0.062478 -0.245902 -0.605706 0.022974 -0.147124 -0.495876 -0.021469 -0.138451 -0.390037 -0.027615 -0.133049 -0.281878 0.012612 -0.129238 -0.178202 0.040578 -0.127260 0.235452 0.029935 -0.138384 0.338239 -0.003440 -0.143231 0.464566 -0.045652 -0.152938 0.570612 -0.042313 -0.162135 0.674100 -0.008180 -0.177050 -0.005094 0.328991 -0.116546 0.034890 0.447016 -0.092403 0.074874 0.565041 -0.068260 0.071345 0.672314 -0.059874 -0.092200 0.722049 -0.070620 -0.007734 0.751407 -0.066949 0.074435 0.744337 -0.068948 0.119476 0.742983 -0.074538 0.165545 0.716428 -0.077407 -0.468897 0.227154 -0.124123 -0.388299 0.166525 -0.120432 -0.282704 0.166942 -0.121194 -0.178648 0.236912 -0.124057 -0.279824 0.282470 -0.114075 -0.386541 0.290065 -0.115939 0.255258 0.224438 -0.129576 0.339355 0.149217 -0.133430 0.445719 0.149887 -0.137711 0.527870 0.204145 -0.146655 0.444147 0.271204 -0.133055 0.341404 0.270546 -0.130581 -0.190068 0.954077 -0.067798 -0.112057 0.933792 -0.056617 -0.005455 0.895151 -0.048625 0.049948 0.895812 -0.049126 0.136537 0.896151 -0.053157 0.242702 0.927836 -0.070210 0.318976 0.943452 -0.090305 0.239272 1.042268 -0.073216 0.166707 1.103303 -0.060171 0.048502 1.100410 -0.056533 -0.029817 1.099469 -0.056271 -0.117066 1.048132 -0.061980 -0.156286 0.959139 -0.073010 -0.005162 0.950906 -0.057114 0.078014 0.947135 -0.057505 0.128079 0.949830 -0.061057 0.287066 0.950152 -0.091304 0.137479 1.006030 -0.063066 0.040832 1.010728 -0.058167 -0.004770 1.002884 -0.056375
-0.806192 0.070909 -0.204442 -0.765111 0.281672 -0.185210 -0.691228 0.456245 -0.167350 -0.629740 0.642764 -0.150766 -0.574346 0.813989 -0.129820 -0.461802 1.012106 -0.103812 -0.325251 1.128870 -0.078773 -0.154708 1.281615 -0.059638 0.047761 1.322200 -0.053776 0.277708 1.271605 -0.072515 0.409947 1.109918 -0.099379 0.498103 0.990195 -0.128330 0.595303 0.821963 -0.158994 0.669859 0.637789 -0.184631 0.687707 0.462401 -0.200250 0.744128 0.272866 -0.219807 0.785609 0.061924 -0.241270 -0.607067 0.021005 -0.144939 -0.498804 -0.016543 -0.137683 -0.393716 -0.027913 -0.132114 -0.285907 0.013442 -0.127814 -0.178862 0.043623 -0.126455 0.232568 0.034507 -0.135099 0.335066 -0.002168 -0.140220 0.464770 -0.045108 -0.150044 0.567758 -0.040044 -0.159708 0.671451 -0.007788 -0.171563 -0.005968 0.326996 -0.110450 0.033482 0.447671 -0.089884 0.072932 0.568346 -0.069317 0.071231 0.675458 -0.057780 -0.093583 0.722017 -0.072147 -0.011106 0.751744 -0.067938 0.071698 0.746977 -0.066568 0.119883 0.745432 -0.071931 0.164692 0.714942 -0.079171 -0.470397 0.226870 -0.124245 -0.387767 0.169587 -0.118278 -0.281593 0.167502 -0.121609 -0.177943 0.238192 -0.122964 -0.280365 0.284471 -0.114818 -0.387503 0.290577 -0.115530 0.255048 0.228191 -0.131240 0.338057 0.153193 -0.132766 0.446250 0.150201 -0.134117 0.524907 0.202707 -0.144882 0.445357 0.271714 -0.132502 0.340341 0.271188 -0.127940 -0.195944 0.950350 -0.070311 -0.114194 0.931214 -0.056205 -0.006628 0.894754 -0.048205 0.043321 0.887129 -0.048300 0.130740 0.888521 -0.053243 0.243457 0.921880 -0.066595 0.321431 0.939263 -0.087874 0.245204 1.032734 -0.069728 0.159158 1.092644 -0.058776 0.043098 1.095963 -0.055401 -0.032025 1.093115 -0.053049 -0.117140 1.039570 -0.059755 -0.158357 0.951485 -0.071646 -0.003914 0.950840 -0.056541 0.076975 0.943602 -0.053907 0.127773 0.948163 -0.061306 0.287565 0.943101 -0.089540 0.131531 0.991369 -0.061304 0.043551 1.000817 -0.056454 -0.006753 0.999171 -0.057661
-0.809209 0.070348 -0.204796 -0.765274 0.282785 -0.186554 -0.691730 0.457438 -0.166964 -0.633657 0.644209 -0.152102 -0.574786 0.814835 -0.134145 -0.463679 1.006437 -0.102495 -0.323670 1.129000 -0.080399 -0.150733 1.281821 -0.058490 0.048364 1.319505 -0.049374 0.275148 1.267803 -0.068801 0.407417 1.104548 -0.092304 0.497785 0.987455 -0.126068 0.594732 0.824275 -0.151320 0.673237 0.636124 -0.184888 0.691234 0.464894 -0.194959 0.743737 0.273117 -0.216764 0.783217 0.061755 -0.235191 -0.608680 0.017522 -0.140864 -0.502991 -0.008620 -0.136328 -0.398886 -0.028854 -0.130856 -0.291620 0.014359 -0.125867 -0.179028 0.048183 -0.125603 0.228646 0.040831 -0.130822 0.330437 -0.001270 -0.136759 0.465640 -0.045199 -0.146821 0.563459 -0.037000 -0.157361 0.667050 -0.007246 -0.163618 -0.006011 0.323595 -0.101039 0.032495 0.448299 -0.086329 0.071000 0.573004 -0.071619 0.072190 0.680171 -0.054646 -0.094699 0.722105 -0.074572 -0.015270 0.752102 -0.069668 0.068287 0.751240 -0.062729 0.121216 0.749502 -0.067818 0.164041 0.712587 -0.082351 -0.471919 0.225949 -0.124122 -0.385447 0.174250 -0.114540 -0.278425 0.167919 -0.122127 -0.175634 0.239823 -0.121056 -0.280213 0.287217 -0.115812 -0.388125 0.290992 -0.114715 0.255654 0.233807 -0.134705 0.336677 0.158983 -0.132554 0.447934 0.149825 -0.129151 0.520853 0.199723 -0.142750 0.448083 0.272016 -0.132441 0.339730 0.271751 -0.124378 -0.203507 0.945013 -0.072671 -0.115321 0.928418 -0.054498 -0.007289 0.896403 -0.047055 0.033274 0.875476 -0.046356 0.121430 0.878829 -0.053231 0.244576 0.913896 -0.060308 0.325463 0.933066 -0.082933 0.255259 1.015849 -0.062705 0.147243 1.073183 -0.055079 0.035533 1.086610 -0.052232 -0.033787 1.080281 -0.046336 -0.114626 1.024221 -0.054606 -0.159661 0.938436 -0.067448 -0.000184 0.952697 -0.054866 0.076110 0.939964 -0.047532 0.127764 0.947795 -0.061437 0.287941 0.932323 -0.085739 0.122326 0.964924 -0.057311 0.049300 0.981261 -0.052610 -0.008439 0.990134 -0.058574
-0.807887 0.071829 -0.204932 -0.763840 0.284142 -0.187094 -0.690034 0.458595 -0.167791 -0.632006 0.644821 -0.152850 -0.573639 0.814854 -0.134345 -0.462906 1.005626 -0.102195 -0.323276 1.126476 -0.079127 -0.150783 1.276406 -0.056013 0.047804 1.312385 -0.045705 0.274811 1.261514 -0.064279 0.407677 1.101053 -0.087889 0.498315 0.985394 -0.121681 0.596060 0.823205 -0.146817 0.674412 0.636006 -0.180168 0.692340 0.465004 -0.190509 0.744626 0.273287 -0.211888 0.783949 0.061851 -0.229625 -0.609522 0.020336 -0.140928 -0.504265 -0.005813 -0.136335 -0.400601 -0.025688 -0.130719 -0.293763 0.017342 -0.125353 -0.181524 0.051156 -0.124739 0.225834 0.043788 -0.128706 0.327585 0.001785 -0.134370 0.462857 -0.042422 -0.144093 0.560998 -0.034603 -0.154289 0.665271 -0.005142 -0.160243 -0.008790 0.326018 -0.099321 0.029706 0.450442 -0.085182 0.068201 0.574865 -0.071042 0.069652 0.681792 -0.054394 -0.096802 0.722352 -0.074656 -0.017319 0.752688 -0.069613 0.066253 0.751966 -0.062539 0.119207 0.750061 -0.067293 0.162197 0.712858 -0.081519 -0.473237 0.228483 -0.124374 -0.387256 0.177075 -0.114659 -0.280183 0.170489 -0.121932 -0.177579 0.242093 -0.120625 -0.281945 0.289749 -0.115726 -0.389774 0.293551 -0.114733 0.253551 0.235793 -0.133007 0.334395 0.161728 -0.130493 0.445473 0.152556 -0.126909 0.518735 0.201767 -0.140126 0.445773 0.273806 -0.130186 0.337417 0.273649 -0.122591 -0.206438 0.937188 -0.072063 -0.117356 0.923729 -0.055180 -0.009144 0.892837 -0.048062 0.031628 0.871999 -0.047163 0.119869 0.875376 -0.053308 0.242698 0.909226 -0.059306 0.325500 0.925174 -0.080244 0.252896 0.999964 -0.059477 0.144351 1.054070 -0.052367 0.033694 1.067657 -0.049671 -0.035121 1.062438 -0.043991 -0.116163 1.009614 -0.052721 -0.162852 0.930474 -0.067052 -0.002494 0.947899 -0.055667 0.074305 0.936167 -0.048059 0.126791 0.942798 -0.061325 0.288138 0.923623 -0.082602 0.120051 0.947420 -0.054902 0.047335 0.962802 -0.050672 -0.010168 0.973190 -0.056789
-0.802138 0.075128 -0.205035 -0.760803 0.285461 -0.186969 -0.686214 0.459421 -0.169919 -0.624824 0.644463 -0.153082 -0.570880 0.813992 -0.130571 -0.459519 1.009736 -0.103079 -0.324211 1.121651 -0.075222 -0.154985 1.266190 -0.052640 0.045969 1.301943 -0.043298 0.276558 1.253793 -0.059502 0.410607 1.100029 -0.086537 0.499630 0.984491 -0.115503 0.599177 0.819061 -0.145770 0.673433 0.637558 -0.170758 0.691108 0.462855 -0.187138 0.746927 0.273558 -0.205446 0.788019 0.062382 -0.224958 -0.609408 0.028972 -0.145329 -0.502454 -0.008637 -0.137853 -0.398651 -0.018973 -0.131815 -0.292125 0.021876 -0.126397 -0.186075 0.052091 -0.123970 0.224461 0.042974 -0.128887 0.326819 0.006574 -0.133213 0.456720 -0.037140 -0.142003 0.560640 -0.033114 -0.150581 0.666308 -0.001560 -0.161486 -0.014053 0.333834 -0.105550 0.025317 0.453729 -0.086598 0.064687 0.573624 -0.067647 0.063668 0.680043 -0.057019 -0.099722 0.722713 -0.072321 -0.017132 0.753381 -0.067726 0.065663 0.749046 -0.065903 0.113881 0.747083 -0.070260 0.159130 0.715741 -0.076585 -0.474133 0.233987 -0.125038 -0.392920 0.177622 -0.118681 -0.286643 0.174882 -0.121063 -0.183513 0.244663 -0.121669 -0.285358 0.291684 -0.114589 -0.392247 0.297871 -0.115702 0.248954 0.233947 -0.126117 0.331452 0.161166 -0.126616 0.439150 0.158080 -0.127381 0.518818 0.208653 -0.137004 0.438710 0.276947 -0.125731 0.333668 0.276686 -0.122568 -0.204274 0.928226 -0.068535 -0.120003 0.918228 -0.058071 -0.012128 0.885231 -0.050977 0.038361 0.878078 -0.050429 0.125990 0.879353 -0.053271 0.237689 0.909185 -0.063489 0.321288 0.917043 -0.079863 0.238115 0.987255 -0.060309 0.150604 1.038003 -0.050859 0.037652 1.041829 -0.047964 -0.036025 1.042124 -0.046274 -0.121537 0.997628 -0.054335 -0.167395 0.928849 -0.070389 -0.010653 0.937716 -0.059250 0.073157 0.933437 -0.055736 0.124483 0.934504 -0.061187 0.287715 0.918585 -0.080256 0.124853 0.941474 -0.053841 0.036061 0.948027 -0.050352 -0.011742 0.950607 -0.051895
-0.797990 0.077941 -0.205507 -0.758268 0.287103 -0.187286 -0.683049 0.460976 -0.171589 -0.619902 0.644842 -0.153517 -0.568708 0.813566 -0.128242 -0.457078 1.012151 -0.103303 -0.324516 1.118131 -0.072266 -0.157806 1.258534 -0.049537 0.044190 1.293629 -0.040522 0.277049 1.247736 -0.055064 0.412293 1.099134 -0.084062 0.500508 0.984383 -0.110008 0.601359 0.817107 -0.143410 0.673079 0.639232 -0.163221 0.690627 0.462389 -0.183189 0.748465 0.274578 -0.199291 0.790633 0.063629 -0.219682 -0.609390 0.035152 -0.148299 -0.501530 -0.009685 -0.139157 -0.397922 -0.014361 -0.132808 -0.291922 0.025083 -0.127140 -0.189629 0.053203 -0.123451 0.222402 0.043693 -0.128385 0.325393 0.010744 -0.131727 0.451985 -0.032871 -0.139824 0.559405 -0.031159 -0.147189 0.666143 0.001648 -0.160709 -0.018421 0.339030 -0.109428 0.021454 0.456178 -0.087636 0.061329 0.573325 -0.065845 0.058901 0.679338 -0.058780 -0.102370 0.723092 -0.070883 -0.018043 0.754112 -0.066575 0.064195 0.747802 -0.067755 0.109454 0.745911 -0.071778 0.156128 0.717905 -0.073097 -0.475297 0.238081 -0.125500 -0.397011 0.178817 -0.121287 -0.291126 0.178304 -0.120678 -0.187828 0.247015 -0.122191 -0.288261 0.293770 -0.113996 -0.394429 0.301333 -0.116308 0.245120 0.233747 -0.121154 0.328692 0.162129 -0.123346 0.434330 0.162556 -0.126620 0.517947 0.213874 -0.133876 0.433400 0.279680 -0.121923 0.330296 0.279261 -0.121693 -0.202992 0.920863 -0.065727 -0.121549 0.913723 -0.059802 -0.014719 0.879424 -0.052932 0.041224 0.880573 -0.052545 0.128414 0.880477 -0.053070 0.232395 0.908404 -0.064944 0.316896 0.910783 -0.077729 0.227446 0.976838 -0.058949 0.152516 1.024250 -0.048319 0.038828 1.022062 -0.045336 -0.037278 1.025904 -0.046172 -0.125074 0.987422 -0.054083 -0.170066 0.926234 -0.071776 -0.015514 0.930035 -0.059079 0.064099 0.930612 -0.058180 0.122176 0.928402 -0.058732 0.285710 0.913810 -0.076759 0.125559 0.934335 -0.053572 0.035413 0.935197 -0.051170 -0.013400 0.933556 -0.050526
-0.797328 0.079657 -0.206152 -0.757078 0.288770 -0.188127 -0.681866 0.462720 -0.172197 -0.619264 0.646278 -0.154152 -0.567588 0.814270 -0.128806 -0.456597 1.011703 -0.102599 -0.323900 1.117522 -0.071466 -0.157511 1.256564 -0.047673 0.043270 1.290502 -0.037556 0.275680 1.245269 -0.051618 0.411576 1.097964 -0.079895 0.500300 0.984641 -0.106346 0.601709 0.818472 -0.138725 0.674269 0.640211 -0.159602 0.691920 0.464233 -0.178773 0.748970 0.276283 -0.194875 0.790989 0.065296 -0.214538 -0.610111 0.036326 -0.148351 -0.503036 -0.007174 -0.139641 -0.399888 -0.013221 -0.133181 -0.294542 0.026423 -0.127052 -0.191483 0.055323 -0.123150 0.219523 0.046288 -0.126438 0.322604 0.012593 -0.129712 0.449959 -0.031354 -0.137519 0.556642 -0.029027 -0.144502 0.663677 0.003742 -0.156368 -0.020496 0.339742 -0.107860 0.019004 0.457358 -0.087117 0.058504 0.574975 -0.066374 0.056553 0.681016 -0.058469 -0.104219 0.723861 -0.071192 -0.020479 0.755010 -0.066774 0.061554 0.749528 -0.066787 0.107219 0.747902 -0.070491 0.153729 0.718591 -0.072548 -0.476632 0.239272 -0.125723 -0.397724 0.181101 -0.120966 -0.291718 0.179911 -0.120743 -0.188834 0.248700 -0.121512 -0.289777 0.295794 -0.114164 -0.395880 0.302915 -0.116422 0.243390 0.236119 -0.120008 0.326611 0.165077 -0.121415 0.432685 0.164345 -0.123679 0.515799 0.215206 -0.130950 0.431902 0.281298 -0.119639 0.328400 0.280772 -0.119402 -0.203829 0.918146 -0.064704 -0.121617 0.911659 -0.059234 -0.016335 0.877711 -0.052893 0.037495 0.877242 -0.052050 0.124470 0.877685 -0.052549 0.228657 0.906390 -0.062202 0.314543 0.908652 -0.073535 0.225759 0.971407 -0.054560 0.147617 1.016546 -0.044927 0.035883 1.015505 -0.042227 -0.038507 1.018764 -0.042850 -0.124556 0.981676 -0.051297 -0.170217 0.921836 -0.069752 -0.015301 0.928031 -0.055382 0.052852 0.928179 -0.053997 0.120113 0.926771 -0.055200 0.282443 0.910492 -0.072458 0.120730 0.925870 -0.052906 0.043241 0.926998 -0.051416 -0.014845 0.927107 -0.052240
-0.796524 0.081218 -0.207261 -0.756112 0.290141 -0.189358 -0.681036 0.464306 -0.173482 -0.618533 0.647582 -0.155253 -0.566856 0.815152 -0.129544 -0.456337 1.012690 -0.102983 -0.324020 1.117883 -0.071518 -0.158332 1.256478 -0.047224 0.041854 1.290174 -0.036617 0.274286 1.245493 -0.050085 0.410848 1.098939 -0.077935 0.499656 0.986091 -0.104025 0.601789 0.819998 -0.135926 0.674639 0.641851 -0.156576 0.692498 0.465990 -0.175660 0.749330 0.278157 -0.191454 0.791516 0.067182 -0.210920 -0.611141 0.037781 -0.149420 -0.504447 -0.005894 -0.140585 -0.401550 -0.011996 -0.133909 -0.296725 0.027559 -0.127474 -0.193591 0.056823 -0.123223 0.217016 0.047853 -0.125237 0.320349 0.014211 -0.128238 0.447746 -0.029960 -0.135729 0.554310 -0.027379 -0.142160 0.661685 0.005662 -0.153318 -0.022726 0.340935 -0.107911 0.016397 0.458560 -0.087289 0.055519 0.576186 -0.066667 0.053674 0.682306 -0.058710 -0.106300 0.725108 -0.071354 -0.022795 0.756325 -0.066842 0.058937 0.750986 -0.066519 0.104452 0.749742 -0.069915 0.151085 0.720102 -0.071714 -0.478200 0.240574 -0.126264 -0.399185 0.182527 -0.121356 -0.293111 0.181366 -0.120869 -0.190595 0.250173 -0.121326 -0.291835 0.297391 -0.114426 -0.397743 0.304271 -0.116915 0.241274 0.237663 -0.118486 0.324520 0.167015 -0.119582 0.430609 0.166209 -0.121432 0.514063 0.217048 -0.128481 0.429788 0.283083 -0.117448 0.326314 0.282334 -0.117647 -0.203401 0.918998 -0.063909 -0.121986 0.911488 -0.059029 -0.018199 0.876715 -0.052977 0.034751 0.876543 -0.051804 0.121475 0.877496 -0.052131 0.224545 0.907066 -0.060749 0.311010 0.910178 -0.070713 0.222569 0.973197 -0.052071 0.144474 1.017446 -0.043045 0.033814 1.015990 -0.040495 -0.039870 1.018835 -0.041474 -0.124726 0.982482 -0.050044 -0.170218 0.922023 -0.068962 -0.016179 0.927178 -0.052772 0.044040 0.927563 -0.051397 0.117428 0.926710 -0.052332 0.278435 0.911605 -0.069345 0.117194 0.926603 -0.053021 0.047236 0.927468 -0.052181 -0.016323 0.927089 -0.053736
-0.795937 0.082594 -0.208490 -0.755300 0.291439 -0.190668 -0.680517 0.465887 -0.174826 -0.618112 0.649028 -0.156513 -0.566371 0.816437 -0.130616 -0.456336 1.014282 -0.103858 -0.324336 1.119305 -0.072364 -0.159301 1.258360 -0.047847 0.040437 1.292252 -0.036948 0.272921 1.247797 -0.049884 0.410082 1.101115 -0.077119 0.498904 0.988153 -0.102724 0.601720 0.821813 -0.133895 0.674835 0.643632 -0.154191 0.692939 0.467793 -0.173146 0.749540 0.280055 -0.188743 0.791896 0.069048 -0.208131 -0.612360 0.038895 -0.150622 -0.505989 -0.004771 -0.141567 -0.403283 -0.010984 -0.134646 -0.298850 0.028490 -0.127971 -0.195544 0.058179 -0.123426 0.214738 0.049085 -0.124209 0.318303 0.015472 -0.126949 0.445805 -0.028913 -0.134138 0.552163 -0.026005 -0.140050 0.659819 0.007333 -0.150550 -0.024626 0.341940 -0.108054 0.014038 0.459697 -0.087461 0.052701 0.577454 -0.066869 0.050996 0.683687 -0.058766 -0.108322 0.726651 -0.071572 -0.025071 0.757832 -0.066940 0.056443 0.752560 -0.066286 0.101910 0.751694 -0.069359 0.148694 0.721810 -0.071006 -0.479810 0.241731 -0.126913 -0.400598 0.183723 -0.121745 -0.294453 0.182573 -0.120952 -0.192306 0.251522 -0.121212 -0.293968 0.298788 -0.114727 -0.399710 0.305358 -0.117466 0.239301 0.239027 -0.117163 0.322627 0.168604 -0.117930 0.428735 0.167882 -0.119322 0.512457 0.218712 -0.126300 0.427842 0.284814 -0.115502 0.324365 0.283868 -0.115979 -0.203429 0.922163 -0.064041 -0.122892 0.913820 -0.059095 -0.020129 0.879335 -0.053013 0.032128 0.879724 -0.051536 0.118819 0.880910 -0.051872 0.221471 0.910266 -0.059826 0.308352 0.913639 -0.068970 0.220390 0.976396 -0.050844 0.141980 1.020967 -0.042377 0.031942 1.019266 -0.039958 -0.041464 1.021545 -0.041309 -0.125324 0.984814 -0.049937 -0.170648 0.924355 -0.069068 -0.017635 0.929799 -0.053215 0.043441 0.930744 -0.051342 0.114708 0.930124 -0.051920 0.275313 0.914805 -0.067396 0.114708 0.930124 -0.051920 0.043441 0.930744 -0.051342 -0.017635 0.929799 -0.053215
-0.795409 0.083867 -0.209517 -0.754508 0.292710 -0.191806 -0.680100 0.467384 -0.176042 -0.617711 0.650565 -0.157800 -0.565901 0.818008 -0.131919 -0.456387 1.016245 -0.105211 -0.324722 1.121469 -0.073999 -0.160267 1.261608 -0.049585 0.039135 1.295931 -0.038617 0.271703 1.251454 -0.050957 0.409352 1.103948 -0.077311 0.498094 0.990389 -0.102266 0.601509 0.823524 -0.132412 0.674837 0.645247 -0.152130 0.693167 0.469379 -0.170942 0.749457 0.281815 -0.186372 0.791977 0.070749 -0.205681 -0.613576 0.040036 -0.151823 -0.507517 -0.003498 -0.142490 -0.404991 -0.009817 -0.135298 -0.300882 0.029574 -0.128446 -0.197377 0.059747 -0.123604 0.212613 0.050336 -0.123208 0.316266 0.016746 -0.125686 0.443888 -0.027919 -0.132596 0.550021 -0.024696 -0.138008 0.657914 0.008956 -0.147896 -0.026286 0.342963 -0.108138 0.011882 0.460984 -0.087537 0.050050 0.579006 -0.066936 0.048537 0.685324 -0.058711 -0.110188 0.728457 -0.071851 -0.027211 0.759521 -0.067147 0.054147 0.754301 -0.066151 0.099633 0.753717 -0.068869 0.146539 0.723669 -0.070420 -0.481271 0.243047 -0.127606 -0.401884 0.185098 -0.122108 -0.295725 0.183919 -0.120956 -0.193921 0.253062 -0.121098 -0.296059 0.300286 -0.115025 -0.401678 0.306583 -0.118053 0.237388 0.240476 -0.115896 0.320821 0.170217 -0.116336 0.426903 0.169689 -0.117256 0.510760 0.220415 -0.124265 0.425936 0.286704 -0.113738 0.322426 0.285640 -0.114330 -0.204137 0.926805 -0.065209 -0.124251 0.917033 -0.059653 -0.022051 0.883547 -0.053208 0.029818 0.884669 -0.051451 0.116670 0.886212 -0.051906 0.219443 0.914296 -0.059524 0.306795 0.918101 -0.068353 0.219144 0.980516 -0.050960 0.140132 1.026513 -0.042992 0.030301 1.024449 -0.040722 -0.043202 1.025847 -0.042406 -0.126348 0.988131 -0.051053 -0.171643 0.927944 -0.070176 -0.019229 0.934511 -0.053413 0.039945 0.936237 -0.051227 0.112861 0.935683 -0.051617 0.273319 0.919173 -0.066580 0.112572 0.935439 -0.052185 0.043011 0.936055 -0.051863 -0.019123 0.934388 -0.054232
-0.794812 0.085121 -0.210026 -0.753639 0.293934 -0.192349 -0.679599 0.468717 -0.176576 -0.617141 0.651971 -0.158537 -0.565241 0.819559 -0.132960 -0.456261 1.017992 -0.106553 -0.325003 1.123663 -0.076023 -0.161091 1.265193 -0.052184 0.038032 1.300116 -0.041303 0.270552 1.255309 -0.052876 0.408548 1.106494 -0.077976 0.497071 0.992005 -0.102206 0.600845 0.824583 -0.131029 0.674378 0.646171 -0.150025 0.692824 0.470456 -0.168609 0.748760 0.283252 -0.183965 0.791338 0.072186 -0.203133 -0.614587 0.041266 -0.152848 -0.508893 -0.002130 -0.143385 -0.406665 -0.008690 -0.135919 -0.302832 0.030730 -0.128938 -0.199180 0.061385 -0.123825 0.210514 0.051489 -0.122253 0.313971 0.017741 -0.124566 0.441739 -0.027094 -0.131132 0.547680 -0.023604 -0.136126 0.655671 0.010421 -0.145296 -0.027876 0.343696 -0.108091 0.009860 0.462109 -0.087552 0.047597 0.580522 -0.067013 0.046360 0.686804 -0.058704 -0.111849 0.730024 -0.072232 -0.029154 0.760888 -0.067517 0.052098 0.755678 -0.066112 0.097622 0.755298 -0.068458 0.144573 0.725096 -0.070016 -0.482524 0.244460 -0.128278 -0.402968 0.186656 -0.122449 -0.296996 0.185355 -0.120856 -0.195397 0.254582 -0.120941 -0.297984 0.301798 -0.115238 -0.403547 0.307894 -0.118575 0.235519 0.241943 -0.114705 0.318957 0.171824 -0.114861 0.424908 0.171405 -0.115321 0.508673 0.221959 -0.122382 0.423879 0.288442 -0.112191 0.320344 0.287408 -0.112691 -0.205363 0.931561 -0.067241 -0.125704 0.922364 -0.060684 -0.024033 0.891039 -0.053610 0.027849 0.893010 -0.051570 0.114983 0.893212 -0.052235 0.218448 0.920086 -0.059721 0.306185 0.922198 -0.068673 0.218772 0.984918 -0.052320 0.138799 1.031319 -0.044861 0.028911 1.030535 -0.042752 -0.044908 1.031786 -0.044666 -0.127694 0.992235 -0.053265 -0.172978 0.931514 -0.072098 -0.020624 0.940037 -0.056425 0.044556 0.942476 -0.053469 0.110892 0.941703 -0.053549 0.272438 0.923254 -0.066835 0.111722 0.941182 -0.051579 0.035290 0.941604 -0.051283 -0.020887 0.939252 -0.053670
-0.793835 0.085977 -0.210342 -0.752566 0.294653 -0.192656 -0.678917 0.469423 -0.176760 -0.616389 0.652695 -0.159035 -0.564567 0.820508 -0.134099 -0.456279 1.018929 -0.108255 -0.325703 1.125311 -0.078737 -0.162459 1.268485 -0.055914 0.036411 1.304283 -0.045154 0.268784 1.258901 -0.055659 0.407171 1.108522 -0.079016 0.495447 0.992874 -0.102330 0.599385 0.824988 -0.129542 0.673283 0.646489 -0.147650 0.691840 0.471186 -0.165851 0.747506 0.284584 -0.181152 0.790146 0.073649 -0.200060 -0.615333 0.042459 -0.154043 -0.510106 -0.000829 -0.144561 -0.408319 -0.007678 -0.136773 -0.304761 0.031952 -0.129655 -0.201130 0.063068 -0.124264 0.208291 0.052770 -0.121412 0.311291 0.018700 -0.123619 0.439241 -0.026125 -0.129712 0.545071 -0.022382 -0.134310 0.653038 0.012073 -0.142658 -0.029743 0.344146 -0.108056 0.007587 0.463024 -0.087681 0.044918 0.581903 -0.067307 0.043965 0.687992 -0.059010 -0.113714 0.731086 -0.072960 -0.031332 0.761695 -0.068272 0.049847 0.756440 -0.066362 0.095383 0.756211 -0.068330 0.142322 0.725946 -0.069943 -0.483642 0.245842 -0.129230 -0.403991 0.188319 -0.123099 -0.298429 0.186856 -0.120932 -0.196912 0.255961 -0.120946 -0.299821 0.303197 -0.115604 -0.405357 0.309167 -0.119326 0.233540 0.243547 -0.113623 0.316853 0.173641 -0.113566 0.422527 0.173206 -0.113567 0.506004 0.223579 -0.120577 0.421407 0.290188 -0.110857 0.317912 0.289291 -0.111146 -0.207486 0.935541 -0.070318 -0.127747 0.926765 -0.062400 -0.026676 0.897133 -0.054407 0.025651 0.899561 -0.052079 0.113170 0.898045 -0.052954 0.217843 0.924250 -0.060442 0.305785 0.925351 -0.069950 0.218501 0.991400 -0.055074 0.137419 1.038042 -0.048213 0.027165 1.039248 -0.046302 -0.047103 1.040589 -0.048382 -0.129925 0.998239 -0.056857 -0.175094 0.934434 -0.075059 -0.022437 0.943144 -0.060388 0.051422 0.945609 -0.056558 0.108628 0.944892 -0.056275 0.272025 0.926454 -0.068198 0.111194 0.949209 -0.051823 0.024991 0.949664 -0.051534 -0.023480 0.946206 -0.053818
-0.792485 0.086277 -0.210769 -0.751356 0.294693 -0.193078 -0.678074 0.469341 -0.176960 -0.615454 0.652624 -0.159639 -0.563911 0.820744 -0.135661 -0.456464 1.019155 -0.110615 -0.326859 1.126598 -0.082332 -0.164375 1.271802 -0.060870 0.034352 1.308812 -0.050269 0.266574 1.262578 -0.059448 0.405429 1.110275 -0.080615 0.493506 0.993183 -0.102770 0.597419 0.824837 -0.128197 0.671890 0.646232 -0.145295 0.690610 0.471463 -0.162926 0.746068 0.285641 -0.178143 0.788823 0.074989 -0.196731 -0.615932 0.043460 -0.155514 -0.511258 0.000192 -0.146024 -0.409951 -0.006900 -0.137827 -0.306648 0.033081 -0.130544 -0.203208 0.064600 -0.124843 0.206101 0.054058 -0.120668 0.308473 0.019535 -0.122811 0.436622 -0.025175 -0.128361 0.542444 -0.021168 -0.132571 0.650330 0.013732 -0.140161 -0.031795 0.344275 -0.108027 0.005146 0.463676 -0.087858 0.042088 0.583077 -0.067689 0.041340 0.688865 -0.059497 -0.115723 0.731713 -0.073909 -0.033676 0.762011 -0.069269 0.047458 0.756637 -0.066782 0.092968 0.756482 -0.068405 0.139843 0.726308 -0.070090 -0.484637 0.247067 -0.130505 -0.405019 0.189925 -0.124080 -0.299994 0.188317 -0.121252 -0.198450 0.257100 -0.121133 -0.301500 0.304352 -0.116181 -0.407015 0.310290 -0.120377 0.231592 0.245138 -0.112643 0.314656 0.175486 -0.112476 0.419948 0.174908 -0.112034 0.503045 0.225138 -0.118874 0.418721 0.291861 -0.109749 0.315328 0.291162 -0.109783 -0.210222 0.939129 -0.074238 -0.130413 0.928664 -0.064541 -0.029820 0.899107 -0.055348 0.023298 0.901402 -0.052747 0.111323 0.898956 -0.053803 0.217536 0.925089 -0.061481 0.305354 0.928118 -0.072067 0.218181 1.001558 -0.059119 0.136161 1.049582 -0.052930 0.025093 1.052426 -0.051274 -0.049759 1.053488 -0.053504 -0.133020 1.007415 -0.061762 -0.177771 0.937364 -0.078888 -0.024756 0.942921 -0.063373 0.055370 0.944464 -0.058875 0.106472 0.944412 -0.058331 0.271755 0.929359 -0.070548 0.110610 0.961461 -0.054088 0.017248 0.962569 -0.053903 -0.026695 0.957342 -0.056256
-0.790375 0.086473 -0.211307 -0.749922 0.293907 -0.193936 -0.676866 0.468414 -0.177762 -0.613281 0.651555 -0.160583 -0.562844 0.820477 -0.137471 -0.456306 1.020291 -0.114317 -0.328643 1.127768 -0.086525 -0.167098 1.274740 -0.066731 0.031977 1.312753 -0.056992 0.264916 1.266213 -0.064265 0.403977 1.112233 -0.083223 0.491555 0.993355 -0.103414 0.595554 0.823683 -0.127767 0.670430 0.645387 -0.142408 0.689224 0.470633 -0.160085 0.744640 0.285836 -0.174603 0.788021 0.075603 -0.193431 -0.616098 0.045103 -0.158199 -0.512074 0.000369 -0.147852 -0.411190 -0.005708 -0.139192 -0.308182 0.034522 -0.131692 -0.205672 0.065697 -0.125245 0.204369 0.054737 -0.120196 0.305766 0.020627 -0.122355 0.433243 -0.024046 -0.127272 0.540120 -0.019920 -0.130864 0.648157 0.015672 -0.138273 -0.034013 0.345181 -0.108718 0.002609 0.464550 -0.088312 0.039231 0.583920 -0.067906 0.038208 0.689245 -0.060567 -0.117980 0.731860 -0.074729 -0.035950 0.761686 -0.070194 0.045120 0.755989 -0.067445 0.089804 0.755932 -0.068888 0.136752 0.726903 -0.069948 -0.484819 0.248378 -0.132263 -0.405821 0.190937 -0.125967 -0.301309 0.189832 -0.121797 -0.199908 0.258352 -0.121824 -0.302779 0.305148 -0.116931 -0.408460 0.311283 -0.121922 0.229549 0.246216 -0.111136 0.312617 0.176520 -0.111235 0.417265 0.176679 -0.110941 0.500422 0.226775 -0.117131 0.415710 0.293751 -0.108697 0.312971 0.293400 -0.108716 -0.212079 0.943137 -0.078423 -0.133606 0.927937 -0.067104 -0.033721 0.895804 -0.056616 0.022022 0.899717 -0.053828 0.110392 0.897856 -0.054815 0.216856 0.922370 -0.063605 0.304545 0.931096 -0.075369 0.216674 1.014911 -0.064531 0.136378 1.066502 -0.058898 0.024056 1.068587 -0.057431 -0.052757 1.068429 -0.060104 -0.137365 1.018832 -0.068216 -0.180795 0.941462 -0.083774 -0.028242 0.939961 -0.064391 0.050760 0.940820 -0.060133 0.104832 0.941552 -0.058442 0.271158 0.933266 -0.073589 0.110283 0.978803 -0.059300 0.015800 0.980241 -0.059379 -0.030466 0.971885 -0.061781
-0.790973 0.083934 -0.213628 -0.749903 0.293378 -0.195262 -0.677158 0.467488 -0.178431 -0.617160 0.652806 -0.163133 -0.564853 0.820010 -0.141963 -0.459491 1.015364 -0.116547 -0.329474 1.130531 -0.093711 -0.167805 1.283204 -0.074278 0.029654 1.324482 -0.061813 0.259660 1.274409 -0.069594 0.399994 1.115052 -0.085407 0.489736 0.995055 -0.107082 0.592973 0.828033 -0.125987 0.670498 0.646887 -0.145364 0.689962 0.474425 -0.158957 0.744133 0.289199 -0.175458 0.786470 0.079236 -0.191538 -0.618244 0.041812 -0.155937 -0.514204 0.003325 -0.148283 -0.413534 -0.007777 -0.138837 -0.310344 0.033402 -0.131508 -0.205401 0.067591 -0.126616 0.202600 0.058192 -0.118588 0.303821 0.020100 -0.120586 0.435084 -0.023917 -0.125651 0.538480 -0.018466 -0.129048 0.645316 0.016745 -0.134729 -0.034582 0.341897 -0.106469 0.001287 0.464369 -0.087639 0.037156 0.586842 -0.068810 0.037177 0.692639 -0.059076 -0.118699 0.734207 -0.077070 -0.037962 0.764507 -0.072200 0.042984 0.759661 -0.067493 0.090373 0.758805 -0.068299 0.136474 0.726504 -0.072149 -0.487770 0.247780 -0.133536 -0.407144 0.193722 -0.124333 -0.303314 0.190220 -0.122634 -0.200224 0.258239 -0.120767 -0.304134 0.306689 -0.118116 -0.409191 0.312527 -0.122747 0.230001 0.250265 -0.113112 0.311060 0.181762 -0.111802 0.416980 0.177498 -0.108839 0.497608 0.228080 -0.116369 0.415833 0.294750 -0.108882 0.310941 0.293920 -0.107751 -0.221250 0.948255 -0.084084 -0.137536 0.927194 -0.068435 -0.034980 0.896820 -0.056494 0.014919 0.891516 -0.053353 0.105789 0.891133 -0.055616 0.219274 0.923632 -0.061884 0.305915 0.937141 -0.076717 0.220407 1.029286 -0.067990 0.130098 1.084929 -0.063027 0.016520 1.091925 -0.062582 -0.055941 1.090135 -0.064312 -0.138823 1.033715 -0.071723 -0.183192 0.945283 -0.086230 -0.029014 0.942410 -0.063383 0.050970 0.938838 -0.057096 0.103195 0.943526 -0.060827 0.271584 0.936844 -0.077540 0.105987 0.991970 -0.062525 0.019152 0.998686 -0.063305 -0.032375 0.991103 -0.067704
-0.792220 0.078811 -0.217839 -0.749325 0.294196 -0.198083 -0.679892 0.467555 -0.178505 -0.625530 0.652250 -0.166026 -0.565989 0.819854 -0.149875 -0.463361 1.009837 -0.116199 -0.331673 1.134882 -0.098441 -0.168657 1.296424 -0.079409 0.026071 1.343353 -0.065021 0.252471 1.287649 -0.074935 0.396417 1.120264 -0.086525 0.487729 0.999176 -0.109616 0.590624 0.835104 -0.125023 0.669778 0.650126 -0.153059 0.692424 0.479145 -0.160504 0.746793 0.295130 -0.180920 0.788310 0.083895 -0.194705 -0.619163 0.034269 -0.152630 -0.517408 0.005311 -0.148992 -0.415801 -0.011812 -0.139681 -0.311430 0.031776 -0.131288 -0.201991 0.071410 -0.127472 0.201140 0.065813 -0.116626 0.305711 0.020912 -0.117742 0.443837 -0.024571 -0.121549 0.539041 -0.018149 -0.129919 0.645698 0.014045 -0.132282 -0.036584 0.338528 -0.098752 -0.000627 0.464471 -0.084262 0.035330 0.590415 -0.069771 0.038681 0.696403 -0.054475 -0.119188 0.740237 -0.079509 -0.042068 0.771232 -0.075460 0.040704 0.766203 -0.067050 0.095903 0.766205 -0.066452 0.140220 0.726960 -0.075481 -0.492759 0.247537 -0.131282 -0.409741 0.198078 -0.122109 -0.307035 0.191610 -0.123738 -0.203093 0.258009 -0.120787 -0.307501 0.308875 -0.119812 -0.410555 0.311112 -0.121854 0.231043 0.252825 -0.116530 0.310925 0.187289 -0.114631 0.416616 0.178365 -0.107340 0.494412 0.227850 -0.118144 0.417148 0.295632 -0.109230 0.309806 0.293697 -0.106449 -0.231042 0.950458 -0.091744 -0.142895 0.929271 -0.069711 -0.035016 0.904552 -0.055451 0.005828 0.883327 -0.051424 0.095672 0.884600 -0.053966 0.224659 0.921178 -0.057471 0.309445 0.945845 -0.076518 0.230792 1.047702 -0.069350 0.121980 1.105186 -0.067624 0.005600 1.117395 -0.066116 -0.060398 1.115037 -0.066691 -0.141582 1.050448 -0.074029 -0.190495 0.946723 -0.088505 -0.026022 0.950232 -0.061708 0.050129 0.936264 -0.052018 0.103372 0.944245 -0.062009 0.273595 0.940616 -0.083458 0.099369 1.001551 -0.066548 0.026635 1.019222 -0.065909 -0.034475 1.018891 -0.074138
-0.789952 0.079181 -0.222710 -0.746913 0.292795 -0.201737 -0.679972 0.462715 -0.181705 -0.619516 0.653070 -0.170797 -0.568788 0.819770 -0.149616 -0.462171 1.015359 -0.120545 -0.340002 1.136643 -0.101295 -0.180436 1.299082 -0.085942 0.023339 1.349317 -0.070419 0.250193 1.293206 -0.077081 0.393494 1.128885 -0.090337 0.485968 1.001713 -0.105240 0.590865 0.832919 -0.130734 0.667994 0.654187 -0.153106 0.689741 0.480280 -0.165341 0.749281 0.294552 -0.180861 0.787916 0.082198 -0.192028 -0.616240 0.041715 -0.155465 -0.510583 -0.002096 -0.151366 -0.411007 -0.009491 -0.142821 -0.310591 0.033383 -0.132168 -0.204388 0.069683 -0.130747 0.197125 0.065474 -0.117196 0.311382 0.027882 -0.115079 0.438259 -0.018996 -0.121639 0.542444 -0.017837 -0.131359 0.645513 0.017162 -0.136301 -0.042686 0.343568 -0.106835 -0.005182 0.466491 -0.086686 0.032321 0.589414 -0.066536 0.031242 0.695649 -0.056999 -0.122027 0.739647 -0.073966 -0.045181 0.768738 -0.073493 0.040352 0.767831 -0.070178 0.090833 0.763219 -0.072374 0.135964 0.731002 -0.073173 -0.491148 0.247641 -0.131821 -0.414801 0.193521 -0.122988 -0.311739 0.193296 -0.122917 -0.206974 0.260266 -0.122465 -0.307303 0.305878 -0.119975 -0.409652 0.311669 -0.123606 0.226396 0.252456 -0.115100 0.310236 0.182360 -0.111477 0.409733 0.179270 -0.106977 0.494187 0.233556 -0.116730 0.415572 0.294778 -0.106280 0.306827 0.296127 -0.109066 -0.229360 0.955909 -0.092542 -0.145580 0.925525 -0.073253 -0.035270 0.893835 -0.052089 0.015834 0.891808 -0.051868 0.102772 0.890495 -0.047558 0.217257 0.928237 -0.059529 0.298937 0.953668 -0.081771 0.219800 1.059196 -0.076807 0.129157 1.125572 -0.068421 0.009112 1.129294 -0.069898 -0.067462 1.131265 -0.069416 -0.149263 1.065357 -0.079771 -0.193924 0.956612 -0.091983 -0.033698 0.954585 -0.064543 0.050096 0.941113 -0.057804 0.102255 0.937156 -0.065505 0.271381 0.952274 -0.084424 0.106625 1.024128 -0.070045 0.014885 1.036891 -0.066078 -0.034150 1.031665 -0.070943
-0.786231 0.082119 -0.223577 -0.746052 0.290529 -0.203860 -0.678317 0.459612 -0.185946 -0.610762 0.651320 -0.173453 -0.568724 0.821087 -0.147884 -0.460677 1.025247 -0.126928 -0.345228 1.136338 -0.101753 -0.188202 1.293972 -0.087520 0.020834 1.341746 -0.074315 0.253507 1.289819 -0.077840 0.393395 1.131676 -0.093777 0.485161 1.002125 -0.102672 0.591898 0.827681 -0.135674 0.666473 0.654629 -0.145633 0.686251 0.477170 -0.166003 0.748159 0.290462 -0.176703 0.788268 0.078143 -0.189743 -0.614443 0.049321 -0.163866 -0.506898 -0.007927 -0.154292 -0.408800 -0.005032 -0.145534 -0.309326 0.036394 -0.134114 -0.208420 0.066638 -0.131661 0.197620 0.060108 -0.119467 0.311152 0.031187 -0.116986 0.428668 -0.015085 -0.124147 0.543222 -0.016964 -0.130901 0.647058 0.021182 -0.140202 -0.044802 0.350642 -0.115727 -0.007035 0.469033 -0.090350 0.030731 0.587424 -0.064973 0.025239 0.692597 -0.062324 -0.124926 0.736418 -0.071454 -0.045584 0.763953 -0.071401 0.040201 0.763377 -0.072567 0.082777 0.757009 -0.076902 0.130211 0.734554 -0.069935 -0.486435 0.248617 -0.136015 -0.415517 0.188011 -0.128449 -0.311706 0.193657 -0.123717 -0.207693 0.262367 -0.125684 -0.305973 0.303090 -0.120739 -0.409526 0.312549 -0.126761 0.222421 0.250095 -0.111868 0.309657 0.176173 -0.108917 0.406443 0.181168 -0.109064 0.496322 0.236687 -0.115137 0.412414 0.295731 -0.105696 0.306667 0.299120 -0.111438 -0.224134 0.961036 -0.090950 -0.148005 0.925780 -0.075624 -0.040512 0.884221 -0.052995 0.025506 0.902849 -0.054660 0.111001 0.900361 -0.047209 0.211357 0.931389 -0.067253 0.293570 0.955948 -0.087774 0.207032 1.064228 -0.082594 0.138895 1.135000 -0.070292 0.018334 1.128791 -0.072595 -0.069880 1.132997 -0.073247 -0.156728 1.069567 -0.085518 -0.195216 0.964876 -0.096002 -0.043000 0.949572 -0.068436 0.045796 0.943839 -0.065677 0.099943 0.933612 -0.065230 0.268928 0.960307 -0.084509 0.112962 1.041026 -0.072859 0.001421 1.045554 -0.068100 -0.038248 1.029265 -0.068541
-0.785829 0.083143 -0.223455 -0.748027 0.288537 -0.204851 -0.677151 0.459850 -0.188806 -0.610058 0.651349 -0.174440 -0.569544 0.821681 -0.148670 -0.462761 1.026724 -0.131513 -0.344658 1.136686 -0.105129 -0.187346 1.292151 -0.089067 0.018952 1.336949 -0.076412 0.254275 1.288149 -0.079881 0.391874 1.130326 -0.096029 0.484440 1.002834 -0.107440 0.590680 0.828913 -0.136311 0.666907 0.654028 -0.143217 0.685237 0.477233 -0.164157 0.744814 0.289895 -0.174895 0.787676 0.078840 -0.190043 -0.616567 0.048517 -0.167668 -0.509157 -0.006294 -0.155306 -0.410923 -0.004959 -0.145352 -0.309630 0.035958 -0.135644 -0.209784 0.064250 -0.131912 0.200637 0.056122 -0.121292 0.306576 0.027532 -0.120971 0.425700 -0.016069 -0.127300 0.541921 -0.015408 -0.129314 0.646997 0.024030 -0.139765 -0.041939 0.351438 -0.118753 -0.005474 0.469615 -0.093025 0.030991 0.587792 -0.067297 0.024683 0.692747 -0.065548 -0.125948 0.734702 -0.075371 -0.044062 0.762652 -0.072524 0.039138 0.760612 -0.073484 0.079136 0.755275 -0.077563 0.127385 0.734508 -0.071094 -0.484868 0.247698 -0.140938 -0.412692 0.186569 -0.131770 -0.308796 0.191255 -0.125903 -0.204226 0.261438 -0.126884 -0.304699 0.302925 -0.122079 -0.409756 0.313102 -0.129466 0.223969 0.250747 -0.112293 0.309440 0.176668 -0.109957 0.409949 0.181353 -0.111085 0.497896 0.236245 -0.115242 0.412045 0.297294 -0.108211 0.308257 0.299918 -0.112078 -0.227907 0.964663 -0.092021 -0.151165 0.928649 -0.076203 -0.046053 0.884438 -0.056935 0.022074 0.903202 -0.057715 0.111204 0.901964 -0.053568 0.212465 0.932342 -0.072437 0.297340 0.954912 -0.091197 0.204597 1.066089 -0.084738 0.137781 1.136298 -0.072995 0.018299 1.131333 -0.075150 -0.070007 1.133140 -0.077269 -0.158491 1.069949 -0.088354 -0.195124 0.968198 -0.098430 -0.047577 0.945348 -0.069641 0.042583 0.944772 -0.067422 0.097474 0.939674 -0.065673 0.268812 0.960833 -0.087061 0.111273 1.046285 -0.074122 -0.001381 1.047906 -0.072267 -0.043215 1.026719 -0.072033
-0.787361 0.080398 -0.224119 -0.749998 0.288876 -0.206042 -0.678390 0.463742 -0.188914 -0.618578 0.649611 -0.173647 -0.568387 0.821404 -0.154507 -0.466657 1.021459 -0.130993 -0.341524 1.138000 -0.106561 -0.181018 1.296423 -0.087513 0.016094 1.340834 -0.075685 0.250739 1.291744 -0.082341 0.390314 1.127707 -0.095233 0.483124 1.005159 -0.113722 0.587777 0.835793 -0.133516 0.666773 0.653648 -0.147971 0.687228 0.479346 -0.162002 0.743495 0.294391 -0.177937 0.789953 0.083773 -0.196081 -0.619306 0.038424 -0.167306 -0.516704 -0.000654 -0.155762 -0.415963 -0.009212 -0.145247 -0.310395 0.033584 -0.137146 -0.206785 0.065618 -0.130994 0.203960 0.058912 -0.122148 0.302907 0.021909 -0.124502 0.434124 -0.020800 -0.127085 0.540345 -0.014663 -0.130067 0.648197 0.021431 -0.137039 -0.039111 0.348165 -0.110942 -0.003758 0.469134 -0.091611 0.031594 0.590104 -0.072280 0.029886 0.694901 -0.063725 -0.126100 0.738090 -0.083256 -0.044831 0.767876 -0.077471 0.036522 0.761731 -0.072899 0.083621 0.761569 -0.073941 0.130468 0.732622 -0.076199 -0.488289 0.246872 -0.141514 -0.409696 0.190668 -0.133190 -0.306905 0.189342 -0.129084 -0.202375 0.258840 -0.128044 -0.306661 0.305721 -0.124224 -0.411656 0.310423 -0.129677 0.228464 0.251423 -0.115919 0.309914 0.181902 -0.115439 0.415787 0.180769 -0.113193 0.496983 0.231778 -0.118790 0.413263 0.299272 -0.112029 0.310496 0.298692 -0.110584 -0.236817 0.961275 -0.097391 -0.155866 0.934920 -0.076206 -0.050327 0.898010 -0.062097 0.007673 0.895789 -0.059333 0.098846 0.897387 -0.061074 0.220365 0.924665 -0.072200 0.308068 0.952420 -0.090320 0.216273 1.068396 -0.081932 0.127283 1.131530 -0.077286 0.008057 1.134880 -0.076032 -0.070445 1.132534 -0.079632 -0.158249 1.067367 -0.088348 -0.200441 0.962892 -0.100025 -0.044253 0.946494 -0.068886 0.038351 0.941437 -0.063391 0.096742 0.947563 -0.064991 0.271475 0.954403 -0.092899 0.101484 1.037003 -0.075657 0.007450 1.045811 -0.076370 -0.048815 1.032698 -0.080235
-0.786812 0.080695 -0.226486 -0.749515 0.288552 -0.207766 -0.678009 0.463447 -0.190196 -0.617690 0.650116 -0.174760 -0.569531 0.820101 -0.154510 -0.466780 1.020827 -0.131730 -0.343583 1.136972 -0.106900 -0.183953 1.294533 -0.088077 0.014058 1.339230 -0.075407 0.247727 1.291130 -0.081368 0.387785 1.128402 -0.094951 0.481502 1.006096 -0.112671 0.586268 0.836767 -0.134139 0.665530 0.655251 -0.149549 0.685657 0.480847 -0.163000 0.743443 0.295657 -0.177804 0.789382 0.085230 -0.196074 -0.619006 0.039627 -0.167982 -0.515729 -0.001659 -0.157016 -0.415067 -0.009244 -0.146832 -0.310616 0.033345 -0.138779 -0.207766 0.064409 -0.133051 0.202106 0.058979 -0.123812 0.303925 0.023007 -0.125527 0.433366 -0.019776 -0.128470 0.540803 -0.013928 -0.131782 0.646877 0.022516 -0.138444 -0.041721 0.349728 -0.113908 -0.005848 0.469655 -0.093718 0.030026 0.589582 -0.073529 0.027532 0.694942 -0.065666 -0.128028 0.737689 -0.083765 -0.046557 0.767470 -0.078671 0.034852 0.762264 -0.075163 0.081529 0.761759 -0.076369 0.128205 0.733072 -0.077640 -0.489068 0.246134 -0.142263 -0.411117 0.189500 -0.134258 -0.308498 0.188691 -0.130106 -0.203236 0.258317 -0.129369 -0.306922 0.305004 -0.124967 -0.411833 0.309552 -0.130976 0.227758 0.251351 -0.116941 0.308975 0.180709 -0.116112 0.414252 0.179847 -0.114505 0.496276 0.232945 -0.119739 0.412521 0.298937 -0.112145 0.309088 0.298881 -0.112016 -0.238937 0.958027 -0.097947 -0.158053 0.933535 -0.078197 -0.051647 0.897098 -0.063557 0.006624 0.897622 -0.061458 0.097811 0.898443 -0.062092 0.217000 0.925328 -0.073082 0.304741 0.949595 -0.091422 0.212373 1.062697 -0.082663 0.125409 1.125033 -0.076653 0.005006 1.127513 -0.076173 -0.074499 1.125803 -0.079959 -0.160709 1.063295 -0.089145 -0.203259 0.961702 -0.100999 -0.047487 0.948873 -0.070883 0.037133 0.943709 -0.066124 0.095042 0.947328 -0.067926 0.270210 0.952779 -0.093955 0.101098 1.032343 -0.075735 0.003603 1.038544 -0.076425 -0.049797 1.028591 -0.079834
-0.786181 0.081118 -0.227363 -0.749432 0.289041 -0.208514 -0.677787 0.463597 -0.191407 -0.617516 0.649776 -0.175759 -0.570270 0.819878 -0.154780 -0.467790 1.020445 -0.131328 -0.344918 1.134859 -0.105413 -0.185754 1.290247 -0.085203 0.011940 1.333833 -0.071630 0.245728 1.286421 -0.077936 0.385853 1.126540 -0.092635 0.480360 1.005906 -0.110158 0.585474 0.837187 -0.132871 0.664245 0.656677 -0.148092 0.684395 0.481929 -0.162521 0.742905 0.296193 -0.177072 0.788769 0.085792 -0.195356 -0.619543 0.040269 -0.169119 -0.516201 -0.001405 -0.158178 -0.415709 -0.008101 -0.148029 -0.311216 0.034190 -0.139871 -0.208814 0.064755 -0.134312 0.200584 0.059561 -0.125113 0.303023 0.024496 -0.126381 0.432012 -0.018191 -0.129280 0.539607 -0.012931 -0.132500 0.645932 0.022963 -0.139382 -0.043611 0.351505 -0.115180 -0.007672 0.470554 -0.094898 0.028268 0.589602 -0.074615 0.025620 0.694904 -0.067059 -0.129732 0.737614 -0.084481 -0.048306 0.767740 -0.079474 0.033254 0.762512 -0.076514 0.079551 0.761880 -0.077689 0.126694 0.733665 -0.078450 -0.490155 0.246145 -0.143454 -0.412716 0.189281 -0.135617 -0.309924 0.188734 -0.131629 -0.204486 0.258557 -0.130808 -0.307810 0.304903 -0.126179 -0.412680 0.309588 -0.131963 0.226094 0.251451 -0.118047 0.307411 0.180460 -0.117072 0.412630 0.180229 -0.115729 0.495582 0.233603 -0.120491 0.411221 0.298990 -0.112976 0.307836 0.298946 -0.113453 -0.240963 0.953532 -0.096898 -0.160108 0.932326 -0.078956 -0.053022 0.896672 -0.064927 0.004982 0.897642 -0.062956 0.095749 0.898742 -0.062980 0.213828 0.925206 -0.073857 0.301984 0.945793 -0.090431 0.208379 1.051521 -0.080371 0.122864 1.111633 -0.073943 0.002979 1.112353 -0.073528 -0.076288 1.111875 -0.077219 -0.162554 1.053130 -0.087148 -0.205575 0.957971 -0.100072 -0.050075 0.948892 -0.072318 0.035191 0.944543 -0.068048 0.092754 0.947095 -0.069066 0.268204 0.949327 -0.092862 0.098387 1.018957 -0.073920 0.000979 1.024268 -0.074416 -0.051337 1.016010 -0.077542
-0.785868 0.082082 -0.227558 -0.749470 0.290052 -0.208693 -0.677677 0.464313 -0.191871 -0.617435 0.649974 -0.175971 -0.570767 0.819817 -0.154319 -0.468415 1.020120 -0.130286 -0.345742 1.132884 -0.103539 -0.186895 1.285912 -0.082100 0.010430 1.328142 -0.067886 0.244199 1.281587 -0.074382 0.384558 1.124458 -0.090048 0.479441 1.005550 -0.107617 0.584789 0.837499 -0.131234 0.663149 0.657770 -0.146688 0.683362 0.482727 -0.161727 0.742210 0.296752 -0.176104 0.788034 0.086422 -0.194457 -0.620024 0.041446 -0.169640 -0.516656 -0.000515 -0.158901 -0.416225 -0.006608 -0.148884 -0.311940 0.035301 -0.140706 -0.209852 0.065549 -0.135182 0.199067 0.060359 -0.126133 0.301962 0.026007 -0.127082 0.430699 -0.016741 -0.129987 0.538271 -0.011938 -0.133138 0.644788 0.023509 -0.140112 -0.045338 0.353277 -0.115909 -0.009284 0.471577 -0.095742 0.026770 0.589877 -0.075575 0.024157 0.695163 -0.068227 -0.131180 0.737606 -0.085106 -0.049680 0.768106 -0.080209 0.031909 0.762937 -0.077577 0.078020 0.762319 -0.078672 0.125418 0.734191 -0.079136 -0.491218 0.246586 -0.144135 -0.414025 0.189707 -0.136523 -0.310990 0.189192 -0.132745 -0.205604 0.259156 -0.131772 -0.308618 0.305390 -0.127044 -0.413535 0.310096 -0.132562 0.224713 0.251820 -0.118834 0.305977 0.180702 -0.117777 0.411182 0.180756 -0.116618 0.494656 0.234327 -0.121113 0.409876 0.299335 -0.113565 0.306592 0.299210 -0.114519 -0.242865 0.948436 -0.095787 -0.161845 0.930838 -0.079663 -0.053995 0.896398 -0.066336 0.003459 0.897613 -0.064407 0.094020 0.898537 -0.063951 0.211063 0.924463 -0.074381 0.299925 0.941193 -0.089232 0.205090 1.039153 -0.077991 0.120416 1.096660 -0.071311 0.001111 1.096430 -0.070925 -0.077532 1.096945 -0.074524 -0.163909 1.042089 -0.085025 -0.207809 0.953424 -0.099191 -0.052052 0.948495 -0.073763 0.033597 0.944904 -0.069760 0.091040 0.946439 -0.070156 0.266704 0.944881 -0.091569 0.095954 1.004618 -0.072075 -0.001193 1.008888 -0.072420 -0.052493 1.002697 -0.075402
-0.785858 0.083630 -0.227222 -0.749665 0.291575 -0.208389 -0.677712 0.465633 -0.191726 -0.617391 0.650791 -0.175601 -0.571008 0.820226 -0.153223 -0.468700 1.020202 -0.128679 -0.346009 1.131221 -0.101170 -0.187369 1.281739 -0.078674 0.009656 1.322446 -0.063964 0.243392 1.276861 -0.070721 0.384080 1.122455 -0.087359 0.478932 1.005266 -0.105098 0.584466 0.837868 -0.129479 0.662418 0.658829 -0.145174 0.682688 0.483572 -0.160796 0.741618 0.297453 -0.175089 0.787437 0.087176 -0.193507 -0.620339 0.043074 -0.169789 -0.516920 0.000713 -0.159248 -0.416514 -0.004942 -0.149476 -0.312630 0.036534 -0.141264 -0.210716 0.066611 -0.135731 0.197761 0.061221 -0.126881 0.300913 0.027500 -0.127691 0.429476 -0.015391 -0.130618 0.536965 -0.010986 -0.133672 0.643705 0.024250 -0.140601 -0.046635 0.354972 -0.116355 -0.010429 0.472650 -0.096358 0.025776 0.590327 -0.076362 0.023263 0.695593 -0.069172 -0.132215 0.737710 -0.085593 -0.050550 0.768546 -0.080816 0.031056 0.763447 -0.078341 0.076958 0.762935 -0.079371 0.124501 0.734798 -0.079586 -0.492089 0.247352 -0.144400 -0.414908 0.190478 -0.136988 -0.311548 0.189960 -0.133454 -0.206498 0.260036 -0.132291 -0.309285 0.306311 -0.127591 -0.414283 0.311011 -0.132835 0.223534 0.252425 -0.119270 0.304783 0.181329 -0.118233 0.410036 0.181449 -0.117176 0.493838 0.235125 -0.121439 0.408677 0.299869 -0.113892 0.305552 0.299551 -0.115234 -0.244396 0.943329 -0.094599 -0.162920 0.929288 -0.080322 -0.054567 0.896373 -0.067704 0.002380 0.898181 -0.065752 0.093004 0.898521 -0.064886 0.209071 0.923726 -0.074706 0.298924 0.936390 -0.087851 0.202790 1.026597 -0.075521 0.118540 1.081371 -0.068644 0.000058 1.080598 -0.068192 -0.077993 1.081990 -0.071752 -0.164620 1.030886 -0.082835 -0.209765 0.948522 -0.098353 -0.053280 0.947855 -0.075149 0.032599 0.945237 -0.071234 0.090037 0.945746 -0.070998 0.266083 0.939962 -0.090009 0.094176 0.990476 -0.070146 -0.002761 0.993547 -0.070382 -0.053103 0.989164 -0.073319
-0.786237 0.085433 -0.226580 -0.750002 0.293332 -0.207803 -0.677948 0.467381 -0.191170 -0.617534 0.652156 -0.174815 -0.571117 0.821163 -0.151769 -0.468695 1.020847 -0.126897 -0.345704 1.130382 -0.098764 -0.187133 1.278869 -0.075548 0.009725 1.318243 -0.060563 0.243434 1.273518 -0.067684 0.384383 1.121214 -0.085241 0.478857 1.005363 -0.103250 0.584523 0.838447 -0.128223 0.662102 0.659854 -0.144125 0.682396 0.484452 -0.160242 0.741218 0.298187 -0.174597 0.787058 0.087888 -0.193124 -0.620484 0.044631 -0.169636 -0.516935 0.001909 -0.159237 -0.416532 -0.003554 -0.149771 -0.313056 0.037493 -0.141572 -0.211096 0.067556 -0.136041 0.197013 0.061822 -0.127438 0.300315 0.028512 -0.128265 0.428783 -0.014560 -0.131265 0.536091 -0.010375 -0.134220 0.643020 0.024866 -0.141038 -0.047188 0.356344 -0.116723 -0.010833 0.473569 -0.096819 0.025522 0.590794 -0.076915 0.023184 0.696076 -0.069807 -0.132623 0.737978 -0.085881 -0.050797 0.769081 -0.081190 0.030863 0.764010 -0.078765 0.076606 0.763652 -0.079784 0.124204 0.735437 -0.079874 -0.492625 0.248173 -0.144257 -0.415196 0.191231 -0.136993 -0.311477 0.190668 -0.133733 -0.206965 0.260924 -0.132440 -0.309690 0.307328 -0.127820 -0.414723 0.311949 -0.132808 0.222814 0.252986 -0.119518 0.304150 0.181921 -0.118572 0.409505 0.181988 -0.117497 0.493489 0.235734 -0.121686 0.408038 0.300358 -0.114077 0.305018 0.299775 -0.115650 -0.245010 0.939842 -0.093452 -0.163125 0.928563 -0.080710 -0.054532 0.897116 -0.068696 0.001947 0.899661 -0.066699 0.092814 0.899217 -0.065596 0.208202 0.923811 -0.074830 0.298953 0.932960 -0.086612 0.201901 1.016934 -0.073416 0.117648 1.069438 -0.066394 0.000036 1.068568 -0.065798 -0.077630 1.070576 -0.069391 -0.164399 1.022324 -0.080880 -0.210852 0.944801 -0.097603 -0.053527 0.947707 -0.076159 0.032400 0.946169 -0.072149 0.089900 0.945761 -0.071463 0.266205 0.936161 -0.088541 0.093375 0.979775 -0.068462 -0.003444 0.981895 -0.068590 -0.053001 0.978621 -0.071594
-0.786887 0.086887 -0.225919 -0.750368 0.294769 -0.207194 -0.678317 0.468949 -0.190513 -0.617873 0.653521 -0.173981 -0.571215 0.822218 -0.150487 -0.468569 1.021771 -0.125572 -0.345131 1.130447 -0.097100 -0.186541 1.277938 -0.073627 0.010273 1.316486 -0.058629 0.243995 1.272239 -0.066085 0.385040 1.120958 -0.084272 0.479016 1.005733 -0.102488 0.584731 0.838981 -0.127786 0.661997 0.660529 -0.143754 0.682267 0.485010 -0.160199 0.740892 0.298595 -0.174737 0.786757 0.088195 -0.193400 -0.620598 0.045601 -0.169417 -0.516884 0.002690 -0.159083 -0.416476 -0.002808 -0.149882 -0.313265 0.037886 -0.141738 -0.211086 0.068036 -0.136234 0.196735 0.061897 -0.127871 0.300147 0.028744 -0.128768 0.428584 -0.014499 -0.131889 0.535646 -0.010368 -0.134774 0.642690 0.024986 -0.141479 -0.047175 0.357164 -0.117116 -0.010720 0.474112 -0.097171 0.025736 0.591059 -0.077225 0.023644 0.696382 -0.070139 -0.132596 0.738251 -0.086022 -0.050688 0.769527 -0.081367 0.031085 0.764421 -0.078957 0.076752 0.764186 -0.080013 0.124382 0.735890 -0.080100 -0.492914 0.248741 -0.143932 -0.415076 0.191690 -0.136758 -0.311057 0.191014 -0.133742 -0.207114 0.261508 -0.132405 -0.309942 0.308025 -0.127852 -0.414923 0.312525 -0.132647 0.222482 0.253215 -0.119724 0.304000 0.182102 -0.118871 0.409443 0.182133 -0.117682 0.493514 0.235904 -0.121994 0.407904 0.300555 -0.114226 0.304905 0.299757 -0.115853 -0.244812 0.938820 -0.092753 -0.162823 0.928834 -0.080872 -0.054136 0.898421 -0.069190 0.001978 0.901498 -0.067154 0.093112 0.900405 -0.066023 0.208265 0.924662 -0.074870 0.299430 0.931741 -0.085955 0.202188 1.012457 -0.072302 0.117658 1.063807 -0.065202 0.000594 1.063148 -0.064481 -0.077005 1.065417 -0.068135 -0.163669 1.018499 -0.079742 -0.211050 0.943209 -0.097236 -0.053128 0.948184 -0.076700 0.032659 0.947531 -0.072477 0.090329 0.946481 -0.071616 0.266570 0.934491 -0.087673 0.093372 0.974915 -0.067546 -0.003469 0.976670 -0.067555 -0.052547 0.973642 -0.070707
-0.787493 0.087782 -0.225248 -0.750552 0.295640 -0.206517 -0.678544 0.469937 -0.189726 -0.618087 0.654435 -0.173117 -0.571080 0.822978 -0.149463 -0.468178 1.022548 -0.124760 -0.344307 1.131029 -0.096325 -0.185650 1.278530 -0.073100 0.011198 1.316801 -0.058337 0.244943 1.272529 -0.065944 0.385920 1.121174 -0.084285 0.479400 1.005846 -0.102523 0.585010 0.838907 -0.127823 0.662012 0.660361 -0.143676 0.682204 0.484771 -0.160278 0.740551 0.298299 -0.175084 0.786395 0.087805 -0.193900 -0.620677 0.045896 -0.169283 -0.516834 0.002911 -0.158979 -0.416428 -0.002792 -0.149925 -0.313348 0.037643 -0.141837 -0.210892 0.067922 -0.136331 0.196716 0.061333 -0.128160 0.300197 0.028114 -0.129145 0.428610 -0.015279 -0.132414 0.535412 -0.011098 -0.135274 0.642502 0.024405 -0.141862 -0.046854 0.357160 -0.117374 -0.010324 0.474009 -0.097294 0.026206 0.590857 -0.077213 0.024393 0.696195 -0.070085 -0.132231 0.738192 -0.085919 -0.050299 0.769495 -0.081269 0.031596 0.764303 -0.078837 0.077243 0.764108 -0.079957 0.124904 0.735754 -0.080124 -0.492979 0.248906 -0.143603 -0.414702 0.191808 -0.136481 -0.310505 0.190941 -0.133593 -0.207038 0.261604 -0.132243 -0.310054 0.308201 -0.127759 -0.414942 0.312618 -0.132472 0.222423 0.252945 -0.119859 0.304137 0.181757 -0.119083 0.409576 0.181770 -0.117746 0.493661 0.235465 -0.122297 0.408051 0.300269 -0.114330 0.305038 0.299382 -0.115862 -0.243996 0.939713 -0.092620 -0.162217 0.929333 -0.080781 -0.053502 0.899350 -0.069077 0.002433 0.902605 -0.066987 0.093805 0.901093 -0.065987 0.209085 0.925283 -0.074703 0.300120 0.932114 -0.085835 0.203366 1.012963 -0.072292 0.118475 1.064503 -0.065219 0.001446 1.064225 -0.064490 -0.076393 1.066439 -0.068179 -0.162770 1.019259 -0.079635 -0.210491 0.943417 -0.097302 -0.052261 0.948497 -0.076695 0.033250 0.948294 -0.072218 0.091196 0.946949 -0.071388 0.267085 0.934500 -0.087407 0.094052 0.975774 -0.067505 -0.002929 0.977810 -0.067444 -0.051926 0.974271 -0.070775
-0.787903 0.088208 -0.224492 -0.750516 0.295981 -0.205701 -0.678504 0.470259 -0.188767 -0.617962 0.654759 -0.172203 -0.570553 0.823300 -0.148683 -0.467418 1.023049 -0.124417 -0.343218 1.131874 -0.096379 -0.184442 1.280153 -0.073863 0.012512 1.318604 -0.059562 0.246289 1.273836 -0.067080 0.387064 1.121489 -0.085091 0.480070 1.005450 -0.103095 0.585388 0.838002 -0.128125 0.662152 0.659203 -0.143658 0.682190 0.483581 -0.160267 0.740175 0.297201 -0.175359 0.785926 0.086697 -0.194303 -0.620719 0.045821 -0.169218 -0.516828 0.002750 -0.158926 -0.416424 -0.003219 -0.149891 -0.313393 0.037038 -0.141827 -0.210683 0.067426 -0.136265 0.196804 0.060326 -0.128249 0.300306 0.026886 -0.129334 0.428641 -0.016645 -0.132770 0.535233 -0.012390 -0.135658 0.642303 0.023264 -0.142141 -0.046407 0.356449 -0.117343 -0.009780 0.473363 -0.097084 0.026847 0.590278 -0.076826 0.025284 0.695576 -0.069639 -0.131576 0.737782 -0.085522 -0.049629 0.768966 -0.080886 0.032369 0.763647 -0.078388 0.078006 0.763389 -0.079586 0.125684 0.735016 -0.079866 -0.492840 0.248800 -0.143317 -0.414213 0.191774 -0.136217 -0.309977 0.190681 -0.133328 -0.206812 0.261370 -0.131958 -0.310016 0.308010 -0.127559 -0.414830 0.312433 -0.132308 0.222531 0.252307 -0.119852 0.304398 0.181073 -0.119162 0.409738 0.181043 -0.117702 0.493783 0.234553 -0.122503 0.408301 0.299604 -0.114375 0.305290 0.298762 -0.115716 -0.242734 0.941878 -0.093009 -0.161395 0.929598 -0.080493 -0.052672 0.899445 -0.068431 0.003322 0.902578 -0.066271 0.094940 0.900809 -0.065484 0.210561 0.925180 -0.074339 0.301006 0.933434 -0.086174 0.205208 1.017468 -0.073294 0.120028 1.070461 -0.066330 0.002522 1.070628 -0.065727 -0.075825 1.072530 -0.069403 -0.161870 1.023768 -0.080534 -0.209371 0.944965 -0.097777 -0.051013 0.948244 -0.076225 0.034157 0.947982 -0.071509 0.092451 0.946685 -0.070821 0.267826 0.935660 -0.087685 0.095369 0.981328 -0.068276 -0.001901 0.984196 -0.068204 -0.051157 0.979594 -0.071696
-0.788153 0.088288 -0.223657 -0.750405 0.295907 -0.204768 -0.678314 0.470005 -0.187677 -0.617594 0.654589 -0.171286 -0.569772 0.823266 -0.148204 -0.466452 1.023392 -0.124595 -0.342056 1.133071 -0.097269 -0.183105 1.282818 -0.075850 0.014037 1.321878 -0.062195 0.247889 1.276200 -0.069424 0.388332 1.122059 -0.086680 0.480953 1.004799 -0.104186 0.585779 0.836595 -0.128759 0.662389 0.657372 -0.143842 0.682202 0.481731 -0.160271 0.739781 0.295555 -0.175602 0.785396 0.085154 -0.194623 -0.620738 0.045630 -0.169063 -0.516877 0.002454 -0.158767 -0.416451 -0.003808 -0.149636 -0.313367 0.036370 -0.141572 -0.210458 0.066809 -0.135926 0.197055 0.059213 -0.128067 0.300547 0.025424 -0.129282 0.428737 -0.018210 -0.132902 0.535196 -0.013873 -0.135886 0.642159 0.021925 -0.142333 -0.045869 0.355406 -0.116995 -0.009107 0.472533 -0.096532 0.027656 0.589660 -0.076068 0.026271 0.694874 -0.068830 -0.130691 0.737324 -0.084854 -0.048724 0.768289 -0.080263 0.033369 0.762814 -0.077650 0.078991 0.762395 -0.078951 0.126660 0.734041 -0.079367 -0.492524 0.248627 -0.142981 -0.413673 0.191781 -0.135881 -0.309532 0.190487 -0.132925 -0.206439 0.261066 -0.131515 -0.309788 0.307696 -0.127218 -0.414555 0.312228 -0.132084 0.222849 0.251607 -0.119687 0.304785 0.180335 -0.119102 0.409967 0.180200 -0.117584 0.493934 0.233490 -0.122599 0.408678 0.298844 -0.114376 0.305685 0.298159 -0.115469 -0.241264 0.945194 -0.093889 -0.160571 0.929782 -0.080082 -0.051716 0.898874 -0.067376 0.004559 0.901601 -0.065152 0.096428 0.899722 -0.064623 0.212630 0.924575 -0.073902 0.302048 0.935722 -0.087037 0.207518 1.025631 -0.075257 0.122168 1.081231 -0.068437 0.003716 1.081833 -0.068063 -0.075377 1.083156 -0.071690 -0.161180 1.031745 -0.082385 -0.207929 0.947861 -0.098634 -0.049573 0.947688 -0.075396 0.035298 0.946845 -0.070469 0.093948 0.945979 -0.070051 0.268736 0.938038 -0.088618 0.097210 0.991126 -0.069830 -0.000559 0.995304 -0.069761 -0.050336 0.989272 -0.073363
-0.788120 0.087808 -0.222966 -0.750193 0.295250 -0.203940 -0.677969 0.469031 -0.186706 -0.617051 0.653823 -0.170611 -0.568857 0.822784 -0.148257 -0.465459 1.023533 -0.125514 -0.341056 1.134565 -0.099134 -0.181886 1.286441 -0.079031 0.015527 1.326510 -0.066061 0.249547 1.279604 -0.072880 0.389552 1.122970 -0.089067 0.482019 1.004116 -0.105835 0.586226 0.835018 -0.129866 0.662799 0.655145 -0.144425 0.682317 0.479490 -0.160455 0.739561 0.293513 -0.175938 0.785048 0.083295 -0.194967 -0.620662 0.045223 -0.168722 -0.516902 0.001976 -0.158395 -0.416410 -0.004565 -0.149042 -0.313117 0.035677 -0.140971 -0.210056 0.066047 -0.135281 0.197644 0.058133 -0.127564 0.301118 0.023877 -0.128913 0.429115 -0.019749 -0.132709 0.535548 -0.015317 -0.135845 0.642303 0.020551 -0.142411 -0.045224 0.354327 -0.116352 -0.008284 0.471750 -0.095663 0.028656 0.589173 -0.074974 0.027353 0.694280 -0.067708 -0.129642 0.736952 -0.084046 -0.047664 0.767678 -0.079514 0.034573 0.762053 -0.076753 0.080209 0.761400 -0.078190 0.127860 0.733073 -0.078769 -0.491994 0.248292 -0.142563 -0.413059 0.191681 -0.135444 -0.309162 0.190271 -0.132423 -0.205819 0.260679 -0.130958 -0.309271 0.307219 -0.126750 -0.414005 0.311931 -0.131766 0.223528 0.250918 -0.119441 0.305450 0.179525 -0.118931 0.410467 0.179237 -0.117433 0.494357 0.232409 -0.122631 0.409381 0.298027 -0.114353 0.306385 0.297609 -0.115204 -0.240129 0.949295 -0.095420 -0.160212 0.929958 -0.079791 -0.050797 0.897838 -0.066182 0.005991 0.899897 -0.063927 0.098109 0.898091 -0.063669 0.215394 0.923615 -0.073677 0.303445 0.938825 -0.088637 0.210200 1.036747 -0.078128 0.124723 1.095994 -0.071400 0.004824 1.096942 -0.071332 -0.075298 1.097410 -0.074909 -0.161074 1.042622 -0.085155 -0.206633 0.951830 -0.100001 -0.048258 0.947166 -0.074438 0.036558 0.945249 -0.069335 0.095541 0.945150 -0.069356 0.269949 0.941485 -0.090509 0.099413 1.004343 -0.072168 0.000865 1.010200 -0.072029 -0.049663 1.002627 -0.075676
-0.787827 0.086873 -0.222648 -0.749879 0.294170 -0.203409 -0.677458 0.467534 -0.186029 -0.616334 0.652626 -0.170259 -0.567806 0.821929 -0.148753 -0.464432 1.023386 -0.126895 -0.340203 1.135974 -0.101475 -0.180782 1.290213 -0.082567 0.016950 1.331406 -0.070092 0.251217 1.283149 -0.076493 0.390781 1.123757 -0.091551 0.483395 1.003266 -0.107511 0.586947 0.833344 -0.131062 0.663541 0.652687 -0.145176 0.682668 0.477037 -0.160693 0.739700 0.291150 -0.176258 0.785041 0.081140 -0.195291 -0.620611 0.044601 -0.168296 -0.517028 0.001330 -0.157910 -0.416419 -0.005478 -0.148231 -0.312767 0.034942 -0.140154 -0.209616 0.065055 -0.134481 0.198380 0.057027 -0.126851 0.301839 0.022242 -0.128301 0.429653 -0.021237 -0.132229 0.536172 -0.016733 -0.135516 0.642693 0.019046 -0.142343 -0.044615 0.353251 -0.115475 -0.007461 0.470954 -0.094552 0.029693 0.588657 -0.073630 0.028391 0.693652 -0.066337 -0.128577 0.736516 -0.083175 -0.046622 0.767033 -0.078691 0.035846 0.761297 -0.075757 0.081546 0.760368 -0.077348 0.129207 0.732040 -0.078095 -0.491410 0.247714 -0.142139 -0.412536 0.191304 -0.135004 -0.309013 0.189889 -0.131949 -0.205094 0.260067 -0.130409 -0.308599 0.306467 -0.126235 -0.413312 0.311416 -0.131406 0.224447 0.250102 -0.119195 0.306277 0.178433 -0.118694 0.411164 0.177968 -0.117294 0.495018 0.231184 -0.122606 0.410327 0.296939 -0.114313 0.307298 0.296905 -0.114994 -0.239753 0.953109 -0.097387 -0.160580 0.929847 -0.079674 -0.050019 0.896352 -0.065024 0.007436 0.897548 -0.062765 0.099771 0.895974 -0.062750 0.218725 0.922081 -0.073656 0.305389 0.941660 -0.090654 0.213042 1.048275 -0.081237 0.127363 1.111632 -0.074491 0.005683 1.112803 -0.074761 -0.075651 1.112290 -0.078340 -0.161662 1.054121 -0.088265 -0.205884 0.955798 -0.101654 -0.047330 0.946662 -0.073464 0.037843 0.943339 -0.068244 0.097080 0.944161 -0.068809 0.271660 0.944907 -0.093037 0.101697 1.018137 -0.074747 0.002176 1.025726 -0.074452 -0.049243 1.016897 -0.078098
-0.787517 0.085952 -0.222353 -0.749599 0.293100 -0.202882 -0.676887 0.466015 -0.185384 -0.615480 0.651409 -0.169907 -0.566646 0.820997 -0.149183 -0.463289 1.023104 -0.128089 -0.339298 1.137052 -0.103439 -0.179577 1.293401 -0.085420 0.018495 1.335544 -0.073288 0.252996 1.285985 -0.079368 0.392177 1.124083 -0.093527 0.485043 1.002214 -0.108742 0.587957 0.831597 -0.132014 0.664501 0.650209 -0.145779 0.683156 0.474529 -0.160854 0.740083 0.288641 -0.176421 0.785223 0.078843 -0.195491 -0.620665 0.044125 -0.167667 -0.517301 0.000763 -0.157175 -0.416511 -0.006223 -0.147171 -0.312469 0.034373 -0.139105 -0.209303 0.064091 -0.133503 0.199017 0.055946 -0.125984 0.302498 0.020743 -0.127497 0.430157 -0.022579 -0.131517 0.536836 -0.018093 -0.134951 0.643106 0.017441 -0.142112 -0.044058 0.352290 -0.114409 -0.006673 0.470205 -0.093247 0.030712 0.588120 -0.072085 0.029351 0.693033 -0.064818 -0.127519 0.736116 -0.082141 -0.045575 0.766453 -0.077705 0.037158 0.760579 -0.074653 0.082900 0.759385 -0.076391 0.130599 0.731069 -0.077230 -0.490925 0.247125 -0.141558 -0.412257 0.190821 -0.134423 -0.309101 0.189534 -0.131363 -0.204457 0.259406 -0.129757 -0.307932 0.305657 -0.125531 -0.412656 0.310884 -0.130849 0.225336 0.249199 -0.118792 0.307023 0.177156 -0.118301 0.411853 0.176526 -0.117089 0.495735 0.229883 -0.122389 0.411244 0.295655 -0.114143 0.308211 0.296064 -0.114753 -0.239679 0.956125 -0.099070 -0.161128 0.929648 -0.079474 -0.049191 0.894834 -0.063877 0.008950 0.895238 -0.061654 0.101462 0.893864 -0.061798 0.222108 0.920423 -0.073616 0.307603 0.943665 -0.092442 0.215683 1.058081 -0.083773 0.129957 1.125226 -0.076901 0.006517 1.126439 -0.077451 -0.075961 1.125077 -0.081065 -0.162384 1.064202 -0.090857 -0.205411 0.959201 -0.103012 -0.046614 0.946397 -0.072446 0.039230 0.941612 -0.067207 0.098547 0.943285 -0.068272 0.273711 0.947706 -0.095418 0.103979 1.030022 -0.076822 0.003422 1.039012 -0.076308 -0.048773 1.029407 -0.079930
-0.786998 0.085668 -0.221528 -0.749390 0.292057 -0.201893 -0.676246 0.464694 -0.184690 -0.613997 0.650287 -0.169091 -0.565314 0.820291 -0.148477 -0.461770 1.023826 -0.128724 -0.338424 1.137525 -0.104039 -0.178701 1.295155 -0.086893 0.020170 1.338019 -0.075463 0.255330 1.287598 -0.081132 0.394194 1.124221 -0.095228 0.486846 1.000979 -0.109121 0.589386 0.829233 -0.132901 0.665378 0.647924 -0.145462 0.683568 0.471474 -0.161063 0.740841 0.285980 -0.176220 0.785934 0.076435 -0.195650 -0.620775 0.044926 -0.167237 -0.517407 -0.000135 -0.156131 -0.416297 -0.005816 -0.145873 -0.311941 0.034549 -0.137803 -0.209777 0.063320 -0.131975 0.199565 0.054483 -0.125153 0.303304 0.019828 -0.126603 0.430152 -0.023360 -0.130739 0.537749 -0.019384 -0.134013 0.643906 0.016145 -0.142184 -0.043737 0.352110 -0.114076 -0.006097 0.469759 -0.091978 0.031543 0.587409 -0.069881 0.029683 0.692310 -0.063551 -0.126593 0.735876 -0.080421 -0.044185 0.766191 -0.076165 0.038781 0.759460 -0.073776 0.083756 0.758063 -0.075578 0.131658 0.730627 -0.075410 -0.490444 0.247226 -0.140545 -0.412529 0.190191 -0.133890 -0.309982 0.189821 -0.130299 -0.204571 0.259014 -0.128948 -0.307629 0.304995 -0.124212 -0.412392 0.310832 -0.129924 0.225864 0.247786 -0.117204 0.307524 0.175501 -0.117281 0.411914 0.175570 -0.117011 0.496610 0.229346 -0.121691 0.411401 0.294635 -0.113413 0.308942 0.295573 -0.114423 -0.238439 0.958470 -0.099278 -0.161075 0.929730 -0.079016 -0.048244 0.893250 -0.062828 0.011951 0.894751 -0.060700 0.104463 0.893535 -0.060700 0.224929 0.919818 -0.073938 0.309232 0.945143 -0.093861 0.216328 1.066073 -0.085866 0.133815 1.136577 -0.078380 0.008704 1.136180 -0.078984 -0.075543 1.134447 -0.083267 -0.163203 1.072529 -0.092889 -0.205030 0.962933 -0.103913 -0.046546 0.946051 -0.071610 0.040613 0.940527 -0.066891 0.099821 0.942301 -0.067337 0.275991 0.950295 -0.097158 0.107450 1.040746 -0.078262 0.003859 1.049662 -0.077483 -0.047939 1.038015 -0.080359
-0.790036 0.084502 -0.220262 -0.750846 0.293110 -0.200550 -0.677581 0.465054 -0.181993 -0.616708 0.650889 -0.167878 -0.565805 0.820087 -0.149616 -0.462197 1.020247 -0.126864 -0.336630 1.139084 -0.104344 -0.175001 1.298697 -0.086101 0.022617 1.341431 -0.073388 0.255790 1.289312 -0.080252 0.394289 1.122864 -0.092683 0.488149 1.000642 -0.109465 0.589446 0.830557 -0.131270 0.666660 0.646619 -0.147630 0.684160 0.472484 -0.159969 0.739647 0.285191 -0.176293 0.783533 0.075496 -0.194641 -0.621695 0.042024 -0.162726 -0.519238 0.002841 -0.153378 -0.418232 -0.008092 -0.143186 -0.313481 0.033455 -0.135419 -0.207552 0.064105 -0.130953 0.199340 0.056400 -0.122612 0.302257 0.018561 -0.124590 0.431846 -0.025015 -0.128601 0.536490 -0.019682 -0.133303 0.641912 0.014035 -0.139185 -0.041971 0.349457 -0.108432 -0.004327 0.469021 -0.088931 0.033317 0.588586 -0.069431 0.032914 0.693532 -0.059978 -0.125009 0.736512 -0.079549 -0.044281 0.766187 -0.075023 0.038867 0.761871 -0.069917 0.086714 0.760169 -0.072099 0.133950 0.729377 -0.076032 -0.491144 0.245767 -0.138765 -0.411799 0.191589 -0.130157 -0.307766 0.188701 -0.128930 -0.202294 0.258984 -0.126563 -0.306419 0.305405 -0.123212 -0.411501 0.310109 -0.127818 0.226766 0.249718 -0.118925 0.307633 0.176589 -0.117143 0.414148 0.173245 -0.114367 0.495948 0.225891 -0.120882 0.413927 0.293150 -0.113300 0.309437 0.293836 -0.112627 -0.239849 0.960817 -0.099522 -0.159986 0.931740 -0.076273 -0.046090 0.896177 -0.059570 0.008507 0.890626 -0.057403 0.101256 0.888844 -0.058379 0.226927 0.918658 -0.069598 0.311955 0.946098 -0.091105 0.224140 1.067292 -0.081978 0.130493 1.137112 -0.075967 0.006043 1.142522 -0.076886 -0.074754 1.139646 -0.078496 -0.159718 1.074676 -0.089045 -0.201919 0.962143 -0.100551 -0.042042 0.950065 -0.067897 0.042992 0.941578 -0.061549 0.101634 0.946141 -0.066143 0.275957 0.951070 -0.095352 0.104469 1.038027 -0.075289 0.009073 1.050998 -0.074302 -0.046342 1.046001 -0.079990
-0.793804 0.083680 -0.217934 -0.752545 0.295761 -0.198026 -0.679262 0.466709 -0.177731 -0.620386 0.652647 -0.165353 -0.566731 0.820147 -0.149556 -0.462952 1.014828 -0.122275 -0.333959 1.139797 -0.102377 -0.169484 1.300788 -0.081979 0.025843 1.342644 -0.067150 0.256000 1.288919 -0.075952 0.393991 1.119762 -0.086843 0.489030 1.000131 -0.108189 0.589036 0.833098 -0.127609 0.667764 0.645868 -0.149551 0.684592 0.475114 -0.157941 0.737677 0.285521 -0.176195 0.779851 0.075386 -0.193131 -0.622762 0.038127 -0.156754 -0.521372 0.006953 -0.150089 -0.420603 -0.011401 -0.140161 -0.315353 0.031754 -0.133106 -0.204206 0.065307 -0.130294 0.198828 0.058836 -0.119740 0.300477 0.016952 -0.122301 0.433942 -0.027366 -0.126240 0.534505 -0.020292 -0.132862 0.638814 0.011477 -0.135327 -0.039367 0.346002 -0.101436 -0.001788 0.467955 -0.085577 0.035792 0.589907 -0.069719 0.037564 0.694791 -0.055956 -0.122757 0.736983 -0.078802 -0.044316 0.765677 -0.073918 0.038703 0.764774 -0.065161 0.090613 0.762915 -0.067630 0.136897 0.727580 -0.077315 -0.492163 0.243734 -0.136464 -0.410656 0.193416 -0.125450 -0.304448 0.186745 -0.127259 -0.199242 0.258801 -0.123531 -0.304826 0.305974 -0.122132 -0.410166 0.309019 -0.125102 0.227709 0.252202 -0.121707 0.307704 0.178315 -0.117385 0.416839 0.170076 -0.111011 0.494639 0.221376 -0.120080 0.417101 0.291171 -0.113291 0.309555 0.291192 -0.110483 -0.241421 0.961196 -0.098152 -0.157522 0.933829 -0.071871 -0.043287 0.900691 -0.055514 0.003159 0.885912 -0.053281 0.096133 0.883036 -0.055362 0.228187 0.917260 -0.063304 0.315155 0.944686 -0.085446 0.233799 1.060617 -0.074056 0.124642 1.126697 -0.070167 0.002250 1.140535 -0.071587 -0.072551 1.136591 -0.069349 -0.153434 1.069546 -0.080977 -0.197247 0.957243 -0.094381 -0.035697 0.954742 -0.062465 0.046278 0.943245 -0.054289 0.104014 0.950955 -0.064319 0.275230 0.949137 -0.090629 0.099288 1.023832 -0.068827 0.015957 1.041819 -0.067985 -0.043792 1.046637 -0.077574
-0.797021 0.083582 -0.214709 -0.753670 0.298286 -0.194631 -0.680300 0.468490 -0.172814 -0.623034 0.654190 -0.161545 -0.566787 0.820314 -0.147312 -0.462927 1.009719 -0.116166 -0.330810 1.139232 -0.098227 -0.163609 1.299668 -0.075322 0.029718 1.340068 -0.058938 0.257010 1.285228 -0.069462 0.394165 1.114717 -0.079653 0.490019 0.997912 -0.105295 0.588917 0.834212 -0.122691 0.668710 0.644373 -0.150147 0.685333 0.476673 -0.155222 0.735946 0.284977 -0.175438 0.776265 0.074717 -0.191198 -0.623043 0.034711 -0.151277 -0.522742 0.010808 -0.146802 -0.422405 -0.014061 -0.137658 -0.316677 0.030378 -0.130897 -0.201358 0.066380 -0.129771 0.198129 0.060684 -0.117360 0.298840 0.015196 -0.120417 0.435773 -0.029899 -0.124606 0.532578 -0.021229 -0.132957 0.636082 0.008742 -0.132003 -0.036374 0.342829 -0.095012 0.001009 0.466689 -0.082436 0.038391 0.590550 -0.069860 0.042180 0.695073 -0.052262 -0.120368 0.736317 -0.077907 -0.043943 0.764288 -0.072679 0.039357 0.766466 -0.060809 0.094478 0.764450 -0.063490 0.139590 0.725162 -0.078004 -0.492563 0.241669 -0.133859 -0.408981 0.194730 -0.120752 -0.300856 0.184665 -0.125549 -0.196156 0.258363 -0.120500 -0.303029 0.306021 -0.121064 -0.408704 0.307654 -0.122274 0.228843 0.253670 -0.124354 0.308040 0.179051 -0.117721 0.419439 0.166729 -0.108199 0.493481 0.216687 -0.119217 0.420097 0.288777 -0.113147 0.310037 0.288508 -0.108690 -0.242729 0.958259 -0.095482 -0.153992 0.933979 -0.067357 -0.040065 0.903903 -0.052037 -0.000906 0.880863 -0.049723 0.091928 0.878044 -0.052646 0.230176 0.914235 -0.056875 0.318904 0.940174 -0.079366 0.242080 1.047123 -0.065255 0.119449 1.108714 -0.063069 -0.000043 1.129911 -0.064895 -0.069545 1.124862 -0.059407 -0.146865 1.057453 -0.071909 -0.193582 0.949116 -0.087415 -0.029797 0.957893 -0.057475 0.049520 0.943833 -0.047608 0.106822 0.953280 -0.062183 0.275719 0.943324 -0.084954 0.095369 1.002411 -0.061298 0.022578 1.024089 -0.060664 -0.040893 1.038228 -0.073588
-0.794190 0.086027 -0.210361 -0.752121 0.297583 -0.190273 -0.678126 0.468273 -0.170203 -0.618176 0.653096 -0.156481 -0.563937 0.819896 -0.138973 -0.459065 1.012617 -0.111276 -0.329030 1.134024 -0.090145 -0.163218 1.289490 -0.067855 0.032342 1.328417 -0.053343 0.261536 1.275757 -0.063346 0.398114 1.110364 -0.076927 0.491483 0.993152 -0.099694 0.591059 0.827833 -0.120613 0.668243 0.642255 -0.144230 0.684831 0.471420 -0.154111 0.737006 0.281794 -0.172739 0.777739 0.071937 -0.190072 -0.621490 0.039435 -0.152217 -0.520118 0.007912 -0.145881 -0.419493 -0.010024 -0.137257 -0.313838 0.032287 -0.130354 -0.203570 0.065236 -0.127934 0.198842 0.056958 -0.118490 0.300459 0.015504 -0.121121 0.433850 -0.029418 -0.125530 0.534080 -0.023044 -0.132401 0.638326 0.008251 -0.134640 -0.036265 0.344382 -0.098628 0.001527 0.465643 -0.082670 0.039319 0.586903 -0.066711 0.041359 0.691226 -0.053125 -0.119176 0.733454 -0.074454 -0.040484 0.762197 -0.069827 0.042924 0.761153 -0.061701 0.094174 0.759063 -0.064095 0.139941 0.723901 -0.073440 -0.490537 0.243469 -0.131788 -0.409485 0.192524 -0.121400 -0.303120 0.185715 -0.123693 -0.198050 0.257638 -0.120186 -0.303156 0.304605 -0.118624 -0.408732 0.308027 -0.120733 0.228688 0.248821 -0.119682 0.308403 0.174991 -0.115778 0.417322 0.166981 -0.109896 0.494834 0.218058 -0.118138 0.417570 0.287742 -0.111444 0.310332 0.288193 -0.108989 -0.237301 0.950118 -0.088643 -0.150410 0.929308 -0.066033 -0.037742 0.897466 -0.052194 0.008538 0.882628 -0.050262 0.100322 0.880984 -0.051914 0.231175 0.911937 -0.058498 0.319477 0.932532 -0.078104 0.235343 1.033624 -0.063885 0.127511 1.093969 -0.059361 0.008312 1.107458 -0.060323 -0.064827 1.104594 -0.057969 -0.146449 1.044283 -0.069639 -0.193784 0.945657 -0.085133 -0.031492 0.951031 -0.057983 0.051159 0.940229 -0.050758 0.108714 0.945543 -0.059984 0.280132 0.936316 -0.082248 0.103271 0.992412 -0.058816 0.020818 1.007956 -0.058170 -0.038047 1.015687 -0.067218
-0.791292 0.088389 -0.206149 -0.750650 0.296491 -0.186139 -0.676024 0.467874 -0.167918 -0.613243 0.651687 -0.151696 -0.561273 0.819221 -0.130933 -0.455164 1.015765 -0.106751 -0.327522 1.128158 -0.082107 -0.163695 1.278125 -0.060828 0.034461 1.315283 -0.048076 0.265836 1.265306 -0.057650 0.402075 1.106011 -0.074628 0.492913 0.988289 -0.094218 0.593112 0.820944 -0.119058 0.667625 0.640400 -0.138138 0.683859 0.466099 -0.153267 0.737890 0.278659 -0.169773 0.779353 0.069136 -0.188697 -0.619820 0.044807 -0.153310 -0.517156 0.004766 -0.145142 -0.416211 -0.005352 -0.136919 -0.310867 0.034503 -0.129883 -0.205971 0.064006 -0.126059 0.199708 0.053443 -0.120003 0.302213 0.016412 -0.122359 0.431560 -0.028149 -0.126637 0.535520 -0.024349 -0.131839 0.640709 0.008196 -0.137808 -0.036832 0.346130 -0.102852 0.001590 0.464500 -0.083247 0.040013 0.582870 -0.063642 0.040095 0.687165 -0.054378 -0.118317 0.730353 -0.071054 -0.037084 0.760121 -0.067072 0.046363 0.755504 -0.063045 0.093456 0.753225 -0.065264 0.140191 0.722494 -0.068952 -0.488459 0.245723 -0.129938 -0.410287 0.190319 -0.122516 -0.305843 0.187077 -0.122030 -0.200346 0.256938 -0.120378 -0.303477 0.303341 -0.116229 -0.408937 0.308661 -0.119407 0.228254 0.243975 -0.114546 0.308451 0.171045 -0.113762 0.414797 0.167844 -0.111944 0.496238 0.219952 -0.117293 0.414406 0.286997 -0.109925 0.310397 0.288033 -0.109385 -0.231678 0.940369 -0.081825 -0.147269 0.923367 -0.065586 -0.035379 0.889226 -0.052804 0.018828 0.883594 -0.051355 0.109644 0.882921 -0.051756 0.231540 0.908777 -0.061064 0.319541 0.923828 -0.077418 0.228052 1.018979 -0.063388 0.136278 1.077795 -0.056352 0.017152 1.082391 -0.056101 -0.060287 1.082518 -0.057174 -0.146787 1.029876 -0.068220 -0.194188 0.942029 -0.083439 -0.033598 0.942413 -0.059602 0.052559 0.935489 -0.055130 0.110495 0.936582 -0.058404 0.284739 0.928260 -0.080064 0.111551 0.982495 -0.057274 0.018698 0.991184 -0.056472 -0.035284 0.991877 -0.061153
-0.789507 0.090233 -0.202540 -0.749907 0.296233 -0.182463 -0.674699 0.467989 -0.165648 -0.609809 0.651047 -0.147669 -0.559611 0.818613 -0.124398 -0.452260 1.017601 -0.102392 -0.325949 1.123201 -0.075046 -0.163265 1.269007 -0.054338 0.036531 1.304505 -0.042475 0.269430 1.256602 -0.052181 0.405355 1.102179 -0.072011 0.494078 0.984612 -0.089643 0.594710 0.815971 -0.117822 0.667185 0.639188 -0.133613 0.682832 0.462390 -0.152844 0.738323 0.276488 -0.167848 0.780302 0.066925 -0.187951 -0.618884 0.048906 -0.153451 -0.515097 0.002489 -0.144212 -0.413785 -0.002134 -0.136191 -0.308630 0.035894 -0.129453 -0.207386 0.062981 -0.124473 0.200486 0.050550 -0.121066 0.303482 0.016932 -0.123247 0.429881 -0.027491 -0.127386 0.536595 -0.025810 -0.131454 0.642267 0.007709 -0.140353 -0.037120 0.347386 -0.105856 0.001966 0.463503 -0.083559 0.041052 0.579619 -0.061262 0.039814 0.683921 -0.055158 -0.117263 0.727974 -0.068301 -0.034088 0.758463 -0.064824 0.049128 0.751128 -0.063834 0.093423 0.748743 -0.065899 0.141018 0.721238 -0.065690 -0.487202 0.247334 -0.128208 -0.411131 0.188573 -0.123157 -0.307972 0.187711 -0.120524 -0.202063 0.256138 -0.120373 -0.303649 0.302352 -0.114120 -0.408959 0.309074 -0.118053 0.227789 0.240139 -0.110685 0.308429 0.167946 -0.112294 0.412842 0.167929 -0.113472 0.497258 0.220984 -0.116873 0.412020 0.285993 -0.108881 0.310169 0.287169 -0.109720 -0.226920 0.932109 -0.075760 -0.144395 0.918792 -0.064695 -0.033111 0.883115 -0.052991 0.026751 0.884454 -0.051971 0.117020 0.883804 -0.051357 0.231604 0.906598 -0.062771 0.319755 0.916146 -0.076064 0.223319 1.005360 -0.061750 0.143039 1.061916 -0.052820 0.024042 1.060196 -0.051612 -0.056012 1.062980 -0.054928 -0.146069 1.016977 -0.065608 -0.193498 0.938221 -0.081244 -0.034442 0.935654 -0.060225 0.054448 0.932020 -0.058072 0.112473 0.930073 -0.057045 0.288328 0.921305 -0.077605 0.117717 0.971644 -0.054952 0.017680 0.975334 -0.054107 -0.032419 0.971478 -0.055616
-0.791297 0.090551 -0.200326 -0.750846 0.297087 -0.180132 -0.675266 0.468810 -0.163055 -0.610442 0.651583 -0.145034 -0.559570 0.818574 -0.121514 -0.451644 1.015988 -0.098256 -0.324042 1.121441 -0.070610 -0.160297 1.265408 -0.048665 0.039145 1.299470 -0.036252 0.271393 1.251742 -0.047089 0.406635 1.098456 -0.067969 0.495084 0.982335 -0.087212 0.595356 0.814948 -0.115923 0.667750 0.638145 -0.133310 0.683019 0.461844 -0.152327 0.737779 0.275110 -0.167822 0.779101 0.065313 -0.187775 -0.619000 0.048466 -0.150890 -0.515279 0.003539 -0.142203 -0.413996 -0.002421 -0.134711 -0.308645 0.035540 -0.128175 -0.206588 0.062971 -0.123720 0.200489 0.050292 -0.120544 0.303274 0.016079 -0.122923 0.430329 -0.028660 -0.127269 0.536188 -0.026948 -0.131817 0.641760 0.005740 -0.140305 -0.035787 0.346637 -0.103879 0.003502 0.462724 -0.082181 0.042790 0.578812 -0.060484 0.042137 0.682889 -0.053649 -0.115859 0.726769 -0.067170 -0.032915 0.757433 -0.063622 0.050606 0.750527 -0.062233 0.095469 0.747925 -0.064462 0.142783 0.719651 -0.065237 -0.487303 0.246619 -0.126385 -0.410770 0.188198 -0.121119 -0.307042 0.186438 -0.119406 -0.201212 0.255339 -0.119194 -0.302888 0.301721 -0.113085 -0.408448 0.308298 -0.116297 0.228133 0.239199 -0.111047 0.308637 0.166612 -0.112324 0.413599 0.165775 -0.113060 0.497269 0.218597 -0.116879 0.412754 0.284068 -0.108858 0.310472 0.285086 -0.109433 -0.226104 0.927531 -0.072258 -0.141734 0.917449 -0.062516 -0.030525 0.882892 -0.051772 0.027835 0.882761 -0.050864 0.117963 0.882293 -0.050277 0.232984 0.904880 -0.060520 0.321722 0.911231 -0.073140 0.226074 0.993179 -0.056947 0.143264 1.046651 -0.047891 0.025703 1.046167 -0.046398 -0.053139 1.049227 -0.048920 -0.142861 1.005808 -0.060041 -0.191790 0.932810 -0.077088 -0.031893 0.935366 -0.058452 0.056763 0.931718 -0.056129 0.114909 0.929366 -0.055873 0.290165 0.915597 -0.074362 0.118333 0.956369 -0.050498 0.020583 0.960041 -0.049497 -0.029820 0.959403 -0.051477
-0.792958 0.090732 -0.199005 -0.751973 0.297450 -0.178729 -0.676012 0.469339 -0.161693 -0.610953 0.652026 -0.143292 -0.559860 0.818792 -0.119094 -0.451288 1.015686 -0.095181 -0.322888 1.120124 -0.066701 -0.158482 1.262477 -0.043734 0.041044 1.295441 -0.031033 0.273276 1.248148 -0.042855 0.407882 1.096150 -0.065221 0.495867 0.980871 -0.085472 0.596081 0.814152 -0.115308 0.668254 0.637766 -0.133415 0.683183 0.461240 -0.152898 0.737634 0.273973 -0.168585 0.778646 0.063768 -0.188712 -0.619431 0.048408 -0.149362 -0.515479 0.003757 -0.140787 -0.414054 -0.002283 -0.133666 -0.308452 0.035312 -0.127369 -0.206332 0.062651 -0.123131 0.200750 0.049460 -0.120618 0.303452 0.015337 -0.122993 0.430586 -0.029531 -0.127550 0.536338 -0.028087 -0.132180 0.641995 0.003980 -0.141145 -0.034879 0.346489 -0.103214 0.004595 0.462159 -0.081405 0.044070 0.577830 -0.059596 0.043642 0.681794 -0.052832 -0.114845 0.725897 -0.066076 -0.031761 0.756891 -0.062493 0.052018 0.749829 -0.061357 0.096905 0.746994 -0.063755 0.144136 0.718745 -0.064623 -0.487499 0.246125 -0.125028 -0.410933 0.187235 -0.119937 -0.306933 0.185261 -0.118619 -0.201040 0.254471 -0.118646 -0.302592 0.300803 -0.112236 -0.408406 0.307552 -0.115023 0.228289 0.237656 -0.111031 0.308855 0.164666 -0.112367 0.413947 0.163893 -0.113234 0.497603 0.216871 -0.117216 0.413016 0.282417 -0.108961 0.310751 0.283264 -0.109579 -0.224776 0.924653 -0.068677 -0.139534 0.917774 -0.060758 -0.028324 0.883568 -0.050942 0.029855 0.883490 -0.050163 0.119732 0.883211 -0.049491 0.233871 0.905542 -0.059387 0.322834 0.908429 -0.071155 0.227151 0.983990 -0.053293 0.144567 1.035219 -0.043623 0.027980 1.034549 -0.041734 -0.050467 1.037857 -0.044087 -0.140641 0.997254 -0.055428 -0.190456 0.930032 -0.073716 -0.030552 0.936189 -0.057898 0.060083 0.932946 -0.055787 0.116716 0.929773 -0.055385 0.291630 0.912259 -0.071918 0.119823 0.945416 -0.046432 0.020768 0.948228 -0.044976 -0.027353 0.948996 -0.046779
-0.794828 0.090749 -0.198379 -0.753322 0.297708 -0.177993 -0.677016 0.469848 -0.160972 -0.611778 0.652565 -0.142224 -0.560498 0.819217 -0.117389 -0.451369 1.015677 -0.092781 -0.322208 1.119337 -0.063514 -0.157200 1.260450 -0.039514 0.042375 1.292552 -0.026500 0.274630 1.245640 -0.039332 0.408687 1.094677 -0.063157 0.496320 0.980078 -0.084421 0.596531 0.814001 -0.115336 0.668668 0.637864 -0.134183 0.683338 0.461137 -0.154009 0.737516 0.273327 -0.169898 0.778301 0.062610 -0.190226 -0.620058 0.048183 -0.148221 -0.515871 0.003920 -0.139713 -0.414278 -0.002274 -0.132923 -0.308393 0.035037 -0.126867 -0.206167 0.062332 -0.122851 0.200992 0.048714 -0.120968 0.303590 0.014633 -0.123285 0.430882 -0.030275 -0.128024 0.536558 -0.029035 -0.132686 0.642280 0.002425 -0.142112 -0.034175 0.346436 -0.102948 0.005435 0.461739 -0.081023 0.045044 0.577042 -0.059098 0.044847 0.680954 -0.052400 -0.114115 0.725392 -0.065411 -0.030920 0.756674 -0.061769 0.053096 0.749489 -0.060858 0.098031 0.746467 -0.063439 0.145168 0.718249 -0.064403 -0.487911 0.245565 -0.124015 -0.411219 0.186196 -0.119047 -0.306955 0.184020 -0.118116 -0.200990 0.253589 -0.118371 -0.302492 0.299825 -0.111652 -0.408564 0.306742 -0.114061 0.228362 0.236261 -0.111290 0.309007 0.162772 -0.112623 0.414259 0.162070 -0.113574 0.497896 0.215319 -0.117760 0.413219 0.280974 -0.109256 0.310965 0.281614 -0.109913 -0.223724 0.922949 -0.065626 -0.137647 0.918218 -0.059375 -0.026537 0.884508 -0.050450 0.031408 0.884464 -0.049770 0.121049 0.884679 -0.049088 0.234409 0.906156 -0.058665 0.323529 0.906954 -0.069690 0.227938 0.978247 -0.050200 0.145491 1.026480 -0.039853 0.029824 1.025915 -0.037589 -0.048202 1.029646 -0.039791 -0.138789 0.991908 -0.051342 -0.189372 0.928376 -0.070834 -0.028666 0.937274 -0.054556 0.055260 0.934264 -0.052666 0.118567 0.930936 -0.052663 0.292642 0.910216 -0.070056 0.120498 0.936913 -0.045455 0.028360 0.939388 -0.044004 -0.026133 0.941427 -0.045709
-0.796880 0.090613 -0.198491 -0.754889 0.297860 -0.177962 -0.678257 0.470366 -0.160942 -0.612902 0.653225 -0.141895 -0.561521 0.819880 -0.116465 -0.451943 1.015979 -0.091106 -0.322060 1.119082 -0.061118 -0.156527 1.259288 -0.036081 0.043058 1.290767 -0.022724 0.275372 1.244204 -0.036602 0.409003 1.094065 -0.061835 0.496426 0.979988 -0.084108 0.596686 0.814497 -0.116028 0.668953 0.638475 -0.135605 0.683471 0.461565 -0.155654 0.737429 0.273215 -0.171735 0.778074 0.061905 -0.192276 -0.620858 0.047814 -0.147528 -0.516422 0.004012 -0.139043 -0.414657 -0.002392 -0.132547 -0.308479 0.034717 -0.126720 -0.206116 0.062021 -0.122916 0.201177 0.048078 -0.121620 0.303675 0.014012 -0.123846 0.431195 -0.030850 -0.128721 0.536835 -0.029750 -0.133355 0.642600 0.001165 -0.143185 -0.033754 0.346469 -0.103138 0.005952 0.461469 -0.081105 0.045658 0.576468 -0.059071 0.045694 0.680408 -0.052420 -0.113718 0.725286 -0.065253 -0.030428 0.756777 -0.061536 0.053772 0.749503 -0.060838 0.098794 0.746361 -0.063594 0.145814 0.718176 -0.064620 -0.488541 0.244950 -0.123413 -0.411627 0.185125 -0.118507 -0.307117 0.182770 -0.117930 -0.201096 0.252718 -0.118402 -0.302606 0.298838 -0.111371 -0.408943 0.305910 -0.113463 0.228313 0.235057 -0.111827 0.309056 0.161032 -0.113098 0.414503 0.160403 -0.114097 0.498117 0.214016 -0.118494 0.413327 0.279802 -0.109739 0.311080 0.280189 -0.110430 -0.223116 0.922307 -0.063259 -0.136131 0.918345 -0.058501 -0.025263 0.884743 -0.050405 0.032429 0.884565 -0.049801 0.121900 0.885345 -0.049168 0.234576 0.906199 -0.058465 0.323894 0.906661 -0.068821 0.228396 0.976120 -0.047778 0.145936 1.021533 -0.036707 0.031147 1.021147 -0.034091 -0.046424 1.025501 -0.036187 -0.137405 0.990020 -0.047959 -0.188732 0.927753 -0.068612 -0.026781 0.937547 -0.050211 0.047420 0.934469 -0.048516 0.120086 0.931490 -0.049168 0.293290 0.909322 -0.068860 0.120693 0.932050 -0.046330 0.038119 0.934540 -0.045120 -0.025798 0.937509 -0.046761
-0.799114 0.090279 -0.199476 -0.756695 0.297875 -0.178778 -0.679740 0.470860 -0.161763 -0.614346 0.653992 -0.142463 -0.563007 0.820797 -0.116470 -0.453092 1.016638 -0.090306 -0.322537 1.119401 -0.059620 -0.156576 1.259036 -0.033514 0.043000 1.290141 -0.019788 0.275440 1.243903 -0.034730 0.408777 1.094391 -0.061345 0.496181 0.980684 -0.084601 0.596568 0.815695 -0.117490 0.669105 0.639662 -0.137745 0.683590 0.462558 -0.157926 0.737419 0.273648 -0.174177 0.778020 0.061674 -0.194929 -0.621851 0.047284 -0.147358 -0.517135 0.003988 -0.138840 -0.415208 -0.002633 -0.132596 -0.308736 0.034346 -0.126976 -0.206204 0.061717 -0.123372 0.201298 0.047560 -0.122611 0.303727 0.013520 -0.124693 0.431524 -0.031217 -0.129674 0.537196 -0.030193 -0.134217 0.642995 0.000230 -0.144409 -0.033693 0.346660 -0.103857 0.006074 0.461404 -0.081698 0.045840 0.576147 -0.059539 0.046107 0.680204 -0.052939 -0.113723 0.725625 -0.065643 -0.030344 0.757254 -0.061850 0.053993 0.749915 -0.061379 0.099136 0.746720 -0.064285 0.146011 0.718566 -0.065324 -0.489424 0.244264 -0.123300 -0.412203 0.184012 -0.118386 -0.307462 0.181526 -0.118126 -0.201395 0.251891 -0.118810 -0.302962 0.297854 -0.111455 -0.409567 0.305065 -0.113301 0.228101 0.234055 -0.112680 0.308979 0.159454 -0.113820 0.414666 0.158926 -0.114849 0.498292 0.212996 -0.119460 0.413343 0.278929 -0.110450 0.311076 0.279009 -0.111177 -0.223047 0.922782 -0.061645 -0.135078 0.918557 -0.058208 -0.024563 0.884510 -0.050862 0.032878 0.883994 -0.050319 0.122260 0.885238 -0.049761 0.234296 0.906231 -0.058856 0.323857 0.907614 -0.068615 0.228403 0.976888 -0.046088 0.145862 1.020448 -0.034245 0.031868 1.020083 -0.031302 -0.045243 1.025089 -0.033341 -0.136618 0.990908 -0.045361 -0.188653 0.928213 -0.067141 -0.025547 0.937301 -0.046926 0.041658 0.933862 -0.045372 0.120890 0.931421 -0.046607 0.293532 0.909666 -0.068400 0.120676 0.930935 -0.047485 0.044759 0.933501 -0.046425 -0.025853 0.937022 -0.047999
-0.801433 0.089759 -0.201313 -0.758669 0.297763 -0.180446 -0.681417 0.471333 -0.163458 -0.616083 0.654839 -0.143944 -0.564954 0.821921 -0.117394 -0.454823 1.017561 -0.090344 -0.323658 1.120127 -0.058944 -0.157388 1.259386 -0.031688 0.042131 1.290291 -0.017544 0.274751 1.244426 -0.033557 0.407951 1.095487 -0.061548 0.495545 0.982102 -0.085784 0.596157 0.817577 -0.119609 0.669109 0.641453 -0.140523 0.683683 0.464157 -0.160760 0.737478 0.274670 -0.177149 0.778144 0.061980 -0.198087 -0.623000 0.046625 -0.147740 -0.517969 0.003909 -0.139145 -0.415905 -0.002930 -0.133117 -0.309143 0.033983 -0.127684 -0.206437 0.061477 -0.124255 0.201316 0.047255 -0.123968 0.303703 0.013261 -0.125855 0.431830 -0.031279 -0.130900 0.537606 -0.030283 -0.135292 0.643445 -0.000300 -0.145798 -0.034029 0.347066 -0.105135 0.005750 0.461578 -0.082862 0.045530 0.576090 -0.060588 0.046026 0.680351 -0.054034 -0.114171 0.726354 -0.066653 -0.030728 0.758083 -0.062785 0.053689 0.750729 -0.062552 0.098991 0.747542 -0.065568 0.145708 0.719415 -0.066574 -0.490558 0.243546 -0.123708 -0.412958 0.182904 -0.118743 -0.307983 0.180317 -0.118756 -0.201891 0.251138 -0.119642 -0.303563 0.296910 -0.111962 -0.410419 0.304245 -0.113617 0.227716 0.233299 -0.113885 0.308753 0.158116 -0.114825 0.414717 0.157717 -0.115860 0.498388 0.212313 -0.120686 0.413225 0.278411 -0.111423 0.310918 0.278132 -0.112194 -0.223578 0.923965 -0.060754 -0.134534 0.919695 -0.058551 -0.024504 0.884912 -0.051903 0.032638 0.883959 -0.051417 0.121995 0.885438 -0.050937 0.233428 0.907457 -0.059857 0.323312 0.909446 -0.069002 0.227801 0.978113 -0.045026 0.145117 1.021133 -0.032388 0.031905 1.020409 -0.029131 -0.044670 1.025771 -0.031157 -0.136470 0.992046 -0.043462 -0.189177 0.929351 -0.066396 -0.025699 0.937704 -0.047076 0.043029 0.933827 -0.045594 0.120566 0.931620 -0.046946 0.293241 0.910891 -0.068595 0.120566 0.931620 -0.046946 0.043029 0.933827 -0.045594 -0.025699 0.937704 -0.047076
-0.803739 0.089018 -0.203999 -0.760732 0.297483 -0.182997 -0.683247 0.471738 -0.166073 -0.618098 0.655693 -0.146393 -0.567346 0.823157 -0.119296 -0.457132 1.018634 -0.091276 -0.325457 1.121122 -0.059136 -0.159000 1.260124 -0.030642 0.040390 1.290971 -0.016026 0.273227 1.245567 -0.033087 0.406468 1.097213 -0.062414 0.494478 0.984155 -0.087630 0.595426 0.820085 -0.122336 0.668943 0.643815 -0.143902 0.683745 0.466347 -0.164119 0.737606 0.276271 -0.180599 0.778459 0.062835 -0.201673 -0.624274 0.045854 -0.148713 -0.518891 0.003826 -0.139991 -0.416725 -0.003229 -0.134144 -0.309682 0.033683 -0.128884 -0.206822 0.061354 -0.125602 0.201201 0.047248 -0.125706 0.303569 0.013319 -0.127347 0.432085 -0.030963 -0.132411 0.538023 -0.029965 -0.136605 0.643921 -0.000372 -0.147376 -0.034802 0.347730 -0.106990 0.004933 0.462030 -0.084642 0.044668 0.576331 -0.062293 0.045387 0.680867 -0.055771 -0.115114 0.727419 -0.068366 -0.031635 0.759240 -0.064412 0.052796 0.751941 -0.064436 0.098301 0.748830 -0.067508 0.144866 0.720714 -0.068438 -0.491931 0.242834 -0.124682 -0.413900 0.181844 -0.119640 -0.308684 0.179183 -0.119878 -0.202595 0.250484 -0.120952 -0.304415 0.296048 -0.112955 -0.411483 0.303476 -0.114471 0.227152 0.232836 -0.115482 0.308366 0.157095 -0.116150 0.414637 0.156854 -0.117169 0.498378 0.212021 -0.122210 0.412942 0.278305 -0.112712 0.310585 0.277609 -0.113525 -0.224736 0.925552 -0.060624 -0.134566 0.921222 -0.059588 -0.025149 0.885984 -0.053605 0.031600 0.884709 -0.053175 0.120983 0.886536 -0.052774 0.231842 0.909309 -0.061510 0.322144 0.911908 -0.069982 0.226452 0.979965 -0.044598 0.143587 1.022231 -0.031175 0.031152 1.021160 -0.027610 -0.044756 1.026843 -0.029666 -0.136980 0.993573 -0.042275 -0.190320 0.930878 -0.066401 -0.026359 0.938775 -0.047386 0.042137 0.934577 -0.045973 0.119608 0.932719 -0.047508 0.292291 0.912743 -0.069430 0.119608 0.932719 -0.047508 0.042137 0.934577 -0.045973 -0.026359 0.938775 -0.047386
-0.805950 0.087994 -0.207581 -0.762821 0.296974 -0.186470 -0.685199 0.472037 -0.169655 -0.620393 0.656489 -0.149893 -0.570190 0.824416 -0.122297 -0.460043 1.019760 -0.093215 -0.327996 1.122294 -0.060304 -0.161469 1.261151 -0.030500 0.037698 1.292068 -0.015320 0.270771 1.247213 -0.033402 0.404258 1.099485 -0.063980 0.492920 0.986782 -0.090151 0.594332 0.823180 -0.125677 0.668601 0.646757 -0.147879 0.683762 0.469140 -0.167974 0.737810 0.278467 -0.184477 0.778983 0.064262 -0.205622 -0.625639 0.045000 -0.150324 -0.519885 0.003785 -0.141407 -0.417664 -0.003490 -0.135715 -0.310361 0.033495 -0.130609 -0.207366 0.061392 -0.127451 0.200932 0.047631 -0.127848 0.303303 0.013773 -0.129200 0.432267 -0.030192 -0.134208 0.538414 -0.029170 -0.138179 0.644397 0.000083 -0.149148 -0.036063 0.348705 -0.109433 0.003572 0.462806 -0.087067 0.043207 0.576907 -0.064701 0.044125 0.681771 -0.058210 -0.116630 0.728761 -0.070885 -0.033133 0.760706 -0.066829 0.051251 0.753533 -0.067120 0.097025 0.750565 -0.070186 0.143469 0.722454 -0.071013 -0.493529 0.242152 -0.126288 -0.415036 0.180849 -0.121133 -0.309569 0.178153 -0.121550 -0.203527 0.249938 -0.122802 -0.305523 0.295317 -0.114498 -0.412757 0.302774 -0.115934 0.226407 0.232737 -0.117514 0.307810 0.156477 -0.117828 0.414415 0.156415 -0.118806 0.498222 0.212198 -0.124069 0.412447 0.278664 -0.114356 0.310058 0.277486 -0.115216 -0.226693 0.927216 -0.061421 -0.135329 0.922854 -0.061457 -0.026600 0.887314 -0.056097 0.029683 0.885784 -0.055718 0.119154 0.887999 -0.055398 0.229526 0.911493 -0.063932 0.320409 0.914706 -0.071703 0.224396 0.982150 -0.044963 0.141205 1.023694 -0.030779 0.029515 1.022235 -0.026891 -0.045612 1.028173 -0.029024 -0.138257 0.995205 -0.041961 -0.192242 0.932510 -0.067320 -0.027794 0.940105 -0.048527 0.040469 0.935652 -0.047171 0.117884 0.934182 -0.048877 0.290769 0.914928 -0.071030 0.117884 0.934182 -0.048877 0.040469 0.935652 -0.047171 -0.027794 0.940105 -0.048527
-0.807500 0.086494 -0.212269 -0.764681 0.295754 -0.191099 -0.686930 0.471967 -0.174865 -0.622327 0.656681 -0.155165 -0.573103 0.825384 -0.126858 -0.463255 1.021481 -0.096603 -0.331224 1.123919 -0.062567 -0.165045 1.262624 -0.031960 0.033780 1.293766 -0.016238 0.267890 1.249435 -0.035292 0.401776 1.102505 -0.067244 0.490909 0.989820 -0.093879 0.593236 0.825979 -0.130267 0.668113 0.650140 -0.152676 0.683641 0.471876 -0.172707 0.738473 0.280527 -0.188926 0.780122 0.065716 -0.210511 -0.626666 0.044399 -0.153400 -0.520703 0.002779 -0.143466 -0.418480 -0.004086 -0.137907 -0.310985 0.032978 -0.132895 -0.208445 0.060966 -0.129468 0.200519 0.047829 -0.130610 0.303296 0.014662 -0.131806 0.432259 -0.029234 -0.136512 0.538929 -0.028370 -0.140078 0.645098 0.001104 -0.151736 -0.038403 0.350888 -0.113229 0.001312 0.464180 -0.090360 0.041027 0.577473 -0.067492 0.041736 0.682838 -0.061614 -0.118931 0.730445 -0.074125 -0.035016 0.762679 -0.070111 0.049181 0.755349 -0.071312 0.094844 0.752193 -0.073988 0.141421 0.725124 -0.074057 -0.495232 0.241942 -0.128610 -0.416686 0.179872 -0.123432 -0.311073 0.177622 -0.123731 -0.205235 0.249623 -0.125572 -0.307181 0.294514 -0.116597 -0.414238 0.302489 -0.118304 0.225335 0.232907 -0.119514 0.307269 0.156273 -0.119870 0.413894 0.156935 -0.121355 0.497978 0.213418 -0.126228 0.411259 0.279880 -0.116351 0.309363 0.277972 -0.117573 -0.229212 0.928981 -0.063057 -0.136485 0.926179 -0.064420 -0.029333 0.889700 -0.059515 0.028402 0.888210 -0.059445 0.117225 0.890401 -0.058819 0.226047 0.914490 -0.067875 0.317522 0.917986 -0.075328 0.221810 0.985147 -0.047210 0.139472 1.026097 -0.031815 0.027656 1.024661 -0.027571 -0.047469 1.030559 -0.029974 -0.140819 0.998530 -0.043232 -0.195332 0.935835 -0.069745 -0.030343 0.942491 -0.050528 0.037419 0.938078 -0.049879 0.115856 0.936584 -0.051607 0.288843 0.917925 -0.073961 0.115856 0.936584 -0.051607 0.037419 0.938078 -0.049879 -0.030343 0.942491 -0.050528
-0.810593 0.084442 -0.217709 -0.767333 0.294983 -0.196586 -0.689855 0.472086 -0.180077 -0.626635 0.657921 -0.160617 -0.577821 0.826734 -0.132522 -0.468336 1.021617 -0.100844 -0.335818 1.125145 -0.066626 -0.168890 1.264278 -0.033605 0.029179 1.295653 -0.016823 0.262490 1.252257 -0.037110 0.397032 1.105599 -0.069359 0.488111 0.993819 -0.097776 0.590781 0.831664 -0.134336 0.667676 0.654473 -0.158121 0.684143 0.476830 -0.177170 0.738257 0.284872 -0.193653 0.780561 0.068879 -0.214481 -0.629015 0.042580 -0.155250 -0.522409 0.004806 -0.145908 -0.420181 -0.003656 -0.140445 -0.312416 0.033970 -0.135737 -0.208598 0.062730 -0.132926 0.200032 0.050394 -0.133189 0.302176 0.016193 -0.133750 0.432631 -0.027042 -0.138703 0.538849 -0.025720 -0.142311 0.645209 0.002585 -0.153139 -0.039847 0.351074 -0.115450 -0.000751 0.465389 -0.093784 0.038345 0.579703 -0.072118 0.039871 0.685292 -0.065170 -0.121438 0.732159 -0.079024 -0.038279 0.764522 -0.074386 0.045759 0.758025 -0.074642 0.092933 0.755935 -0.077706 0.139132 0.727008 -0.078867 -0.497426 0.240562 -0.131784 -0.417659 0.179193 -0.125952 -0.311592 0.176258 -0.126934 -0.205833 0.249164 -0.128184 -0.308315 0.294657 -0.119808 -0.416001 0.301514 -0.120949 0.224512 0.233879 -0.123488 0.305965 0.156936 -0.122439 0.413685 0.156970 -0.122836 0.497325 0.213776 -0.129194 0.411063 0.280883 -0.118960 0.308429 0.278541 -0.119775 -0.234273 0.930369 -0.066890 -0.140416 0.925137 -0.068069 -0.031623 0.890194 -0.063832 0.021935 0.888158 -0.063327 0.112460 0.891300 -0.063562 0.223103 0.916261 -0.071147 0.316110 0.920946 -0.077612 0.218800 0.986917 -0.048393 0.132656 1.026995 -0.033243 0.022904 1.024609 -0.028673 -0.050229 1.031053 -0.031042 -0.143190 0.997488 -0.044498 -0.199068 0.934793 -0.072389 -0.033312 0.942985 -0.054022 0.034977 0.938026 -0.052298 0.111734 0.937483 -0.054519 0.286357 0.919695 -0.076774 0.111734 0.937483 -0.054519 0.034977 0.938026 -0.052298 -0.033312 0.942985 -0.054022
-0.819114 0.081838 -0.223201 -0.772566 0.296816 -0.202326 -0.696458 0.473439 -0.182306 -0.638095 0.663196 -0.163259 -0.587353 0.829742 -0.138273 -0.477984 1.016358 -0.104722 -0.342898 1.124454 -0.073551 -0.171506 1.265611 -0.032749 0.024941 1.296991 -0.013476 0.250912 1.255719 -0.035745 0.386557 1.107577 -0.065149 0.483989 0.999777 -0.099872 0.584587 0.845892 -0.134667 0.667578 0.660640 -0.163813 0.686556 0.488044 -0.179314 0.734790 0.295822 -0.198129 0.777948 0.076774 -0.214232 -0.635630 0.036959 -0.151056 -0.526873 0.016886 -0.148270 -0.424540 0.000209 -0.142840 -0.316142 0.039692 -0.139116 -0.205242 0.071327 -0.140082 0.199575 0.059754 -0.134155 0.297513 0.018660 -0.132507 0.434374 -0.021784 -0.139648 0.536925 -0.017984 -0.144856 0.643286 0.004303 -0.149777 -0.036874 0.343558 -0.110924 -0.000647 0.465032 -0.096020 0.035579 0.586506 -0.081116 0.041480 0.691242 -0.067406 -0.123087 0.733385 -0.087132 -0.044636 0.765096 -0.079794 0.039583 0.762688 -0.072880 0.093379 0.765721 -0.079156 0.137317 0.725050 -0.087654 -0.500812 0.235099 -0.135971 -0.415851 0.179295 -0.127630 -0.308302 0.171693 -0.132010 -0.201960 0.247895 -0.128677 -0.307025 0.297505 -0.125026 -0.418170 0.297848 -0.122669 0.224944 0.236554 -0.132941 0.302533 0.159171 -0.125794 0.414877 0.153869 -0.119730 0.495732 0.209850 -0.133809 0.414869 0.279713 -0.122631 0.307137 0.278219 -0.120314 -0.245144 0.930701 -0.075132 -0.151138 0.909105 -0.071549 -0.030386 0.883642 -0.068885 -0.000006 0.878929 -0.065433 0.100028 0.886486 -0.070442 0.223639 0.913347 -0.069753 0.320681 0.922333 -0.072603 0.215361 0.984004 -0.043089 0.110635 1.022182 -0.032992 0.010536 1.015380 -0.028239 -0.053597 1.024501 -0.029396 -0.142643 0.981456 -0.042746 -0.202327 0.918761 -0.072777 -0.035373 0.936433 -0.059981 0.036693 0.928797 -0.051098 0.102327 0.932669 -0.055356 0.282884 0.916782 -0.076768 0.102327 0.932669 -0.055356 0.036693 0.928797 -0.051098 -0.035373 0.936433 -0.059981
